[{"lien": "http://dbpedia.org/resource/Kansh\u014d/Mermaid", "RugbyClub": "Kanshou/MERMAID"}, {"lien": "http://dbpedia.org/resource/Stirling_County_RFC", "RugbyClub": "Stirling County RFC"}, {"lien": "http://dbpedia.org/resource/Dublin_University_Football_Club", "RugbyClub": "Dublin University FC"}, {"lien": "http://dbpedia.org/resource/Krasny_Yar_Krasnoyarsk", "RugbyClub": "Krasny Yar Krasnojarsk"}, {"lien": "http://dbpedia.org/resource/Montpellier_H\u00e9rault_Rugby", "RugbyClub": "Montpellier H\u00e9rault rugby"}, {"lien": "http://dbpedia.org/resource/New_Zealand_M\u0101ori_rugby_league_team", "RugbyClub": "\u00c9quipe des M\u0101ori de Nouvelle-Z\u00e9lande de rugby \u00e0 XIII"}, {"lien": "http://dbpedia.org/resource/Rosslyn_Park_F.C.", "RugbyClub": "Rosslyn Park FC"}, {"lien": "http://dbpedia.org/resource/Rugby_Club_Luxembourg", "RugbyClub": "Rugby Club de Luxembourg"}, {"lien": "http://dbpedia.org/resource/Southern_Spears", "RugbyClub": "Southern Spears"}, {"lien": "http://dbpedia.org/resource/Japan_women's_national_basketball_team", "RugbyClub": "\u00c9quipe du Japon de basket-ball f\u00e9minin"}, {"lien": "http://dbpedia.org/resource/Belgrano_Athletic_Club", "RugbyClub": "Belgrano Athletic Club"}, {"lien": "http://dbpedia.org/resource/CA_Lannemezan", "RugbyClub": "Cercle amical lannemezanais"}, {"lien": "http://dbpedia.org/resource/Club_Atl\u00e9tico_del_Rosario", "RugbyClub": "Atl\u00e9tico del Rosario"}, {"lien": "http://dbpedia.org/resource/Emerald_Warriors_RFC", "RugbyClub": "Emerald Warriors"}, {"lien": "http://dbpedia.org/resource/New_Orleans_Rugby_Football_Club", "RugbyClub": "New Orleans Rugby"}, {"lien": "http://dbpedia.org/resource/Rugby_Club_Stade_Phoc\u00e9en", "RugbyClub": "Rugby Club Stade phoc\u00e9en"}, {"lien": "http://dbpedia.org/resource/Spain_national_rugby_sevens_team", "RugbyClub": "\u00c9quipe d'Espagne de rugby \u00e0 sept"}, {"lien": "http://dbpedia.org/resource/Thomond_RFC", "RugbyClub": "Thomond RFC"}, {"lien": "http://dbpedia.org/resource/Peninsula_Shield_Force", "RugbyClub": "Bouclier de la P\u00e9ninsule"}, {"lien": "http://dbpedia.org/resource/RC_Chalon", "RugbyClub": "Racing club chalonnais"}, {"lien": "http://dbpedia.org/resource/S.L._Benfica_(rugby_union)", "RugbyClub": "Sport Lisboa e Benfica (rugby \u00e0 XV)"}, {"lien": "http://dbpedia.org/resource/US_Montauban", "RugbyClub": "Union sportive montalbanaise"}, {"lien": "http://dbpedia.org/resource/Australia_national_rugby_union_team", "RugbyClub": "\u00c9quipe d'Australie de rugby \u00e0 XV"}, {"lien": "http://dbpedia.org/resource/1986\u201387_Saudi_Premier_League", "RugbyClub": "Championnat d'Arabie saoudite de football 1986-1987"}, {"lien": "http://dbpedia.org/resource/Austria_national_basketball_team", "RugbyClub": "\u00c9quipe d'Autriche de basket-ball"}, {"lien": "http://dbpedia.org/resource/Egypt_national_basketball_team", "RugbyClub": "\u00c9quipe d'\u00c9gypte de basket-ball"}, {"lien": "http://dbpedia.org/resource/Moldova_national_basketball_team", "RugbyClub": "\u00c9quipe de Moldavie de basket-ball"}, {"lien": "http://dbpedia.org/resource/Portugal_national_basketball_team", "RugbyClub": "\u00c9quipe du Portugal de basket-ball"}, {"lien": "http://dbpedia.org/resource/Republic_of_the_Congo_national_basketball_team", "RugbyClub": "\u00c9quipe du Congo de basket-ball"}, {"lien": "http://dbpedia.org/resource/Wales_national_basketball_team", "RugbyClub": "\u00c9quipe du pays de Galles de basket-ball"}, {"lien": "http://dbpedia.org/resource/Blue's_Journey", "RugbyClub": "Blue's Journey"}, {"lien": "http://dbpedia.org/resource/Canada_women's_national_rugby_union_team", "RugbyClub": "\u00c9quipe du Canada de rugby \u00e0 XV f\u00e9minin"}, {"lien": "http://dbpedia.org/resource/Denmark_women's_national_rugby_union_team", "RugbyClub": "\u00c9quipe du Danemark de rugby \u00e0 XV f\u00e9minin"}, {"lien": "http://dbpedia.org/resource/Finland_women's_national_rugby_union_team", "RugbyClub": "\u00c9quipe de Finlande de rugby \u00e0 XV f\u00e9minin"}, {"lien": "http://dbpedia.org/resource/France_women's_national_rugby_union_team", "RugbyClub": "\u00c9quipe de France de rugby \u00e0 XV f\u00e9minin"}, {"lien": "http://dbpedia.org/resource/Germany_women's_national_rugby_union_team", "RugbyClub": "\u00c9quipe d'Allemagne de rugby \u00e0 XV f\u00e9minin"}, {"lien": "http://dbpedia.org/resource/Ireland_women's_national_rugby_union_team", "RugbyClub": "\u00c9quipe d'Irlande de rugby \u00e0 XV f\u00e9minin"}, {"lien": "http://dbpedia.org/resource/Kazakhstan_women's_national_rugby_union_team", "RugbyClub": "\u00c9quipe du Kazakhstan de rugby \u00e0 XV f\u00e9minin"}, {"lien": "http://dbpedia.org/resource/Luxembourg_women's_national_rugby_union_team", "RugbyClub": "\u00c9quipe du Luxembourg de rugby \u00e0 XV f\u00e9minin"}, {"lien": "http://dbpedia.org/resource/Netherlands_women's_national_rugby_union_team", "RugbyClub": "\u00c9quipe des Pays-Bas de rugby \u00e0 XV f\u00e9minin"}, {"lien": "http://dbpedia.org/resource/Romania_women's_national_rugby_union_team", "RugbyClub": "\u00c9quipe de Roumanie de rugby \u00e0 XV f\u00e9minin"}, {"lien": "http://dbpedia.org/resource/Russia_women's_national_rugby_union_team", "RugbyClub": "\u00c9quipe de Russie de rugby \u00e0 XV f\u00e9minin"}, {"lien": "http://dbpedia.org/resource/Samoa_women's_national_rugby_union_team", "RugbyClub": "\u00c9quipe des Samoa de rugby \u00e0 XV f\u00e9minin"}, {"lien": "http://dbpedia.org/resource/South_Africa_women's_national_rugby_union_team", "RugbyClub": "\u00c9quipe d'Afrique du Sud de rugby \u00e0 XV f\u00e9minin"}, {"lien": "http://dbpedia.org/resource/Soviet_Union_national_rugby_union_team", "RugbyClub": "\u00c9quipe d'Union sovi\u00e9tique de rugby \u00e0 XV"}, {"lien": "http://dbpedia.org/resource/Spain_women's_national_rugby_union_team", "RugbyClub": "\u00c9quipe d'Espagne de rugby \u00e0 XV f\u00e9minin"}, {"lien": "http://dbpedia.org/resource/The_Flintstones:_The_Treasure_of_Sierra_Madrock", "RugbyClub": "The Flintstones: The Treasure of Sierra Madrock"}, {"lien": "http://dbpedia.org/resource/University_College_Dublin_R.F.C.", "RugbyClub": "University College Dublin RFC"}, {"lien": "http://dbpedia.org/resource/Wales_women's_national_rugby_union_team", "RugbyClub": "\u00c9quipe du pays de Galles de rugby \u00e0 XV f\u00e9minin"}, {"lien": "http://dbpedia.org/resource/Austria_national_rugby_union_team", "RugbyClub": "\u00c9quipe d'Autriche de rugby \u00e0 XV"}, {"lien": "http://dbpedia.org/resource/Belgium_national_rugby_union_team", "RugbyClub": "\u00c9quipe de Belgique de rugby \u00e0 XV"}, {"lien": "http://dbpedia.org/resource/Brazil_national_rugby_union_team", "RugbyClub": "\u00c9quipe du Br\u00e9sil de rugby \u00e0 XV"}, {"lien": "http://dbpedia.org/resource/Cook_Islands_national_rugby_union_team", "RugbyClub": "\u00c9quipe des \u00eeles Cook de rugby \u00e0 XV"}, {"lien": "http://dbpedia.org/resource/Czech_Republic_national_rugby_union_team", "RugbyClub": "\u00c9quipe de R\u00e9publique tch\u00e8que de rugby \u00e0 XV"}, {"lien": "http://dbpedia.org/resource/Hind\u00fa_Club", "RugbyClub": "Hind\u00fa Club"}, {"lien": "http://dbpedia.org/resource/Hong_Kong_national_rugby_union_team", "RugbyClub": "\u00c9quipe de Hong Kong de rugby \u00e0 XV"}, {"lien": "http://dbpedia.org/resource/Paraguay_national_rugby_union_team", "RugbyClub": "\u00c9quipe du Paraguay de rugby \u00e0 XV"}, {"lien": "http://dbpedia.org/resource/Philippines_national_rugby_union_team", "RugbyClub": "\u00c9quipe des Philippines de rugby \u00e0 XV"}, {"lien": "http://dbpedia.org/resource/Portugal_national_rugby_union_team", "RugbyClub": "\u00c9quipe du Portugal de rugby \u00e0 XV"}, {"lien": "http://dbpedia.org/resource/Provence_Rugby", "RugbyClub": "Provence rugby"}, {"lien": "http://dbpedia.org/resource/Sweden_national_rugby_union_team", "RugbyClub": "\u00c9quipe de Su\u00e8de de rugby \u00e0 XV"}, {"lien": "http://dbpedia.org/resource/Argentina_national_rugby_sevens_team", "RugbyClub": "\u00c9quipe d'Argentine de rugby \u00e0 sept"}, {"lien": "http://dbpedia.org/resource/Auckland_Rugby_Union", "RugbyClub": "Auckland Rugby Football Union"}, {"lien": "http://dbpedia.org/resource/Australia_women's_national_rugby_union_team", "RugbyClub": "\u00c9quipe d'Australie de rugby \u00e0 XV f\u00e9minin"}, {"lien": "http://dbpedia.org/resource/Bay_of_Plenty_Rugby_Union", "RugbyClub": "Bay of Plenty Rugby Union"}, {"lien": "http://dbpedia.org/resource/Birmingham_&_Solihull_R.F.C.", "RugbyClub": "Birmingham and Solihull Rugby Football Club"}, {"lien": "http://dbpedia.org/resource/Boston_RFC", "RugbyClub": "Boston Rugby Football Club"}, {"lien": "http://dbpedia.org/resource/Bridgend_Ravens", "RugbyClub": "Bridgend RFC"}, {"lien": "http://dbpedia.org/resource/Charlotte_Rugby_Club", "RugbyClub": "Charlotte RFC"}, {"lien": "http://dbpedia.org/resource/Chicago_Lions", "RugbyClub": "Lions de Chicago"}, {"lien": "http://dbpedia.org/resource/Croatia_national_rugby_union_team", "RugbyClub": "\u00c9quipe de Croatie de rugby \u00e0 XV"}, {"lien": "http://dbpedia.org/resource/Dallas_Harlequins_R.F.C.", "RugbyClub": "Dallas Harlequins RFC"}, {"lien": "http://dbpedia.org/resource/Denmark_national_rugby_union_team", "RugbyClub": "\u00c9quipe du Danemark de rugby \u00e0 XV"}, {"lien": "http://dbpedia.org/resource/Denver_Barbarians_RFC", "RugbyClub": "Denver Barbarians RFC"}, {"lien": "http://dbpedia.org/resource/Desterro_Rugby_Clube", "RugbyClub": "Desterro Rugby Clube"}, {"lien": "http://dbpedia.org/resource/Doncaster_Knights", "RugbyClub": "Doncaster Knights"}, {"lien": "http://dbpedia.org/resource/East_Coast_Rugby_Football_Union", "RugbyClub": "East Coast Rugby Football Union"}, {"lien": "http://dbpedia.org/resource/FC_Lourdes", "RugbyClub": "Football club lourdais XV Hautes-Pyr\u00e9n\u00e9es"}, {"lien": "http://dbpedia.org/resource/France_national_rugby_sevens_team", "RugbyClub": "\u00c9quipe de France de rugby \u00e0 sept"}, {"lien": "http://dbpedia.org/resource/Garryowen_Football_Club", "RugbyClub": "Garryowen Football Club"}, {"lien": "http://dbpedia.org/resource/Gentlemen_of_Aspen_RFC", "RugbyClub": "Gentlemen of Aspen RFC"}, {"lien": "http://dbpedia.org/resource/Hawke's_Bay_Rugby_Union", "RugbyClub": "Hawke's Bay Rugby Union"}, {"lien": "http://dbpedia.org/resource/John_the_Revelator_/_Lilian", "RugbyClub": "John the Revelator / Lilian"}, {"lien": "http://dbpedia.org/resource/Kenya_national_rugby_sevens_team", "RugbyClub": "\u00c9quipe du Kenya de rugby \u00e0 sept"}, {"lien": "http://dbpedia.org/resource/King_Country_Rugby_Football_Union", "RugbyClub": "King Country Rugby Football Union"}, {"lien": "http://dbpedia.org/resource/Leopards_(rugby_team)", "RugbyClub": "Leopards (rugby \u00e0 XV)"}, {"lien": "http://dbpedia.org/resource/Lithuania_national_rugby_union_team", "RugbyClub": "\u00c9quipe de Lituanie de rugby \u00e0 XV"}, {"lien": "http://dbpedia.org/resource/Malta_national_rugby_union_team", "RugbyClub": "\u00c9quipe de Malte de rugby \u00e0 XV"}, {"lien": "http://dbpedia.org/resource/Morocco_national_rugby_union_team", "RugbyClub": "\u00c9quipe du Maroc de rugby \u00e0 XV"}, {"lien": "http://dbpedia.org/resource/Mystic_River_Rugby_Club", "RugbyClub": "Mystic River Rugby Club"}, {"lien": "http://dbpedia.org/resource/New_York_Athletic_Club_RFC", "RugbyClub": "New York Athletic Club RFC"}, {"lien": "http://dbpedia.org/resource/Newfoundland_Rock", "RugbyClub": "Newfoundland Rock"}, {"lien": "http://dbpedia.org/resource/North_Brisbane_Rugby_Club", "RugbyClub": "North Brisbane Rugby Club"}, {"lien": "http://dbpedia.org/resource/Northland_Rugby_Union", "RugbyClub": "Northland Rugby Union"}, {"lien": "http://dbpedia.org/resource/Nottingham_R.F.C.", "RugbyClub": "Nottingham RFC"}, {"lien": "http://dbpedia.org/resource/Old_Crescent_RFC", "RugbyClub": "Old Crescent RFC"}, {"lien": "http://dbpedia.org/resource/Old_Mission_Beach_Athletic_Club_RFC", "RugbyClub": "Old Mission Beach Athletic Club RFC"}, {"lien": "http://dbpedia.org/resource/Otago_Rugby_Football_Union", "RugbyClub": "Otago Rugby Football Union"}, {"lien": "http://dbpedia.org/resource/Otley_R.U.F.C.", "RugbyClub": "Otley RUFC"}, {"lien": "http://dbpedia.org/resource/Penarth_RFC", "RugbyClub": "Penarth RFC"}, {"lien": "http://dbpedia.org/resource/Philadelphia_Whitemarsh_RFC", "RugbyClub": "Philadelphia Whitemarsh RFC"}, {"lien": "http://dbpedia.org/resource/Potomac_Athletic_Club_RFC", "RugbyClub": "Potomac Athletic Club RFC"}, {"lien": "http://dbpedia.org/resource/Racing_92", "RugbyClub": "Racing 92"}, {"lien": "http://dbpedia.org/resource/SWD_Eagles", "RugbyClub": "Eagles (rugby \u00e0 XV)"}, {"lien": "http://dbpedia.org/resource/San_Francisco_Golden_Gate_RFC", "RugbyClub": "San Francisco Golden Gate RFC"}, {"lien": "http://dbpedia.org/resource/Santa_Monica_Rugby_Club", "RugbyClub": "Santa Monica Rugby Club"}, {"lien": "http://dbpedia.org/resource/Senegal_national_basketball_team", "RugbyClub": "\u00c9quipe du S\u00e9n\u00e9gal de basket-ball"}, {"lien": "http://dbpedia.org/resource/Shannon_RFC", "RugbyClub": "Shannon RFC"}, {"lien": "http://dbpedia.org/resource/Sharks_(Currie_Cup)", "RugbyClub": "Natal Sharks"}, {"lien": "http://dbpedia.org/resource/Spain_national_rugby_union_team", "RugbyClub": "\u00c9quipe d'Espagne de rugby \u00e0 XV"}, {"lien": "http://dbpedia.org/resource/Taranaki_Rugby_Football_Union", "RugbyClub": "Taranaki Rugby Football Union"}, {"lien": "http://dbpedia.org/resource/Uganda_national_rugby_union_team", "RugbyClub": "\u00c9quipe d'Ouganda de rugby \u00e0 XV"}, {"lien": "http://dbpedia.org/resource/Wanganui_Rugby_Football_Union", "RugbyClub": "Wanganui Rugby Football Union"}, {"lien": "http://dbpedia.org/resource/Washington_Rugby_Football_Club", "RugbyClub": "Washington RFC"}, {"lien": "http://dbpedia.org/resource/Wellington_Rugby_Football_Union", "RugbyClub": "Wellington Rugby Football Union"}, {"lien": "http://dbpedia.org/resource/Young_Munster", "RugbyClub": "Young Munster RFC"}, {"lien": "http://dbpedia.org/resource/Ireland_national_rugby_league_team", "RugbyClub": "\u00c9quipe d'Irlande de rugby \u00e0 XIII"}, {"lien": "http://dbpedia.org/resource/France_national_rugby_league_team", "RugbyClub": "\u00c9quipe de France de rugby \u00e0 XIII"}, {"lien": "http://dbpedia.org/resource/Czechoslovakia_women's_national_basketball_team", "RugbyClub": "\u00c9quipe de Tch\u00e9coslovaquie de basket-ball f\u00e9minin"}, {"lien": "http://dbpedia.org/resource/East_Germany_women's_national_basketball_team", "RugbyClub": "\u00c9quipe d'Allemagne de l'Est de basket-ball f\u00e9minin"}, {"lien": "http://dbpedia.org/resource/Soviet_Union_women's_national_basketball_team", "RugbyClub": "\u00c9quipe d'URSS de basket-ball f\u00e9minin"}, {"lien": "http://dbpedia.org/resource/Yugoslavia_women's_national_basketball_team", "RugbyClub": "\u00c9quipe de Yougoslavie de basket-ball f\u00e9minin"}, {"lien": "http://dbpedia.org/resource/Macau_national_rugby_union_team", "RugbyClub": "\u00c9quipe de Macao de rugby \u00e0 XV"}, {"lien": "http://dbpedia.org/resource/Mayotte_national_rugby_union_team", "RugbyClub": "\u00c9quipe de Mayotte de rugby \u00e0 XV"}, {"lien": "http://dbpedia.org/resource/Mr._Nutz", "RugbyClub": "Mr. Nutz"}, {"lien": "http://dbpedia.org/resource/Panama_national_rugby_union_team", "RugbyClub": "\u00c9quipe du Panama de rugby \u00e0 XV"}, {"lien": "http://dbpedia.org/resource/R\u00e9union_national_rugby_union_team", "RugbyClub": "\u00c9quipe de La R\u00e9union de rugby \u00e0 XV"}, {"lien": "http://dbpedia.org/resource/Yugoslavia_national_rugby_union_team", "RugbyClub": "\u00c9quipe de Yougoslavie de rugby \u00e0 XV"}, {"lien": "http://dbpedia.org/resource/Belgium_national_rugby_sevens_team", "RugbyClub": "\u00c9quipe de Belgique de rugby \u00e0 sept"}, {"lien": "http://dbpedia.org/resource/El_Salvador_national_rugby_union_team", "RugbyClub": "\u00c9quipe du Salvador de rugby \u00e0 XV"}, {"lien": "http://dbpedia.org/resource/Ireland_national_rugby_sevens_team", "RugbyClub": "\u00c9quipe d'Irlande de rugby \u00e0 sept"}, {"lien": "http://dbpedia.org/resource/Turkey_national_rugby_union_team", "RugbyClub": "\u00c9quipe de Turquie de rugby \u00e0 XV"}, {"lien": "http://dbpedia.org/resource/Sunwolves", "RugbyClub": "Sunwolves"}, {"lien": "http://dbpedia.org/resource/CA_Saint-\u00c9tienne_Loire_Sud_Rugby", "RugbyClub": "Club athl\u00e9tique de Saint-\u00c9tienne Loire sud rugby"}, {"lien": "http://dbpedia.org/resource/Fili_Moscow", "RugbyClub": "Fili Moscou"}, {"lien": "http://dbpedia.org/resource/Imperia-Dynamo_Penza", "RugbyClub": "Imperia-Dynamo"}, {"lien": "http://dbpedia.org/resource/Lebanon_national_rugby_union_team", "RugbyClub": "\u00c9quipe du Liban de rugby \u00e0 XV"}, {"lien": "http://dbpedia.org/resource/Slava_Moscow", "RugbyClub": "Slava Moscou"}, {"lien": "http://dbpedia.org/resource/CSM_Baia_Mare_(rugby)", "RugbyClub": "CSM Baia Mare"}, {"lien": "http://dbpedia.org/resource/Egypt_national_rugby_union_team", "RugbyClub": "\u00c9quipe d'\u00c9gypte de rugby \u00e0 XV"}, {"lien": "http://dbpedia.org/resource/Farul_Constan\u021ba_(rugby)", "RugbyClub": "RCJ Farul Constan\u021ba"}, {"lien": "http://dbpedia.org/resource/Libya_national_rugby_union_team", "RugbyClub": "\u00c9quipe de Libye de rugby \u00e0 XV"}, {"lien": "http://dbpedia.org/resource/Chile_national_roller_hockey_team", "RugbyClub": "\u00c9quipe du Chili de rink hockey"}, {"lien": "http://dbpedia.org/resource/Colombia_national_roller_hockey_team", "RugbyClub": "\u00c9quipe de Colombie de rink hockey"}, {"lien": "http://dbpedia.org/resource/Uruguay_national_roller_hockey_team", "RugbyClub": "\u00c9quipe d'Uruguay de rink hockey"}, {"lien": "http://dbpedia.org/resource/Andorra_national_roller_hockey_team", "RugbyClub": "\u00c9quipe d'Andorre de rink hockey"}, {"lien": "http://dbpedia.org/resource/Australia_men's_national_wheelchair_basketball_team", "RugbyClub": "\u00c9quipe d'Australie de basket-ball en fauteuil roulant"}, {"lien": "http://dbpedia.org/resource/Australia_women's_national_wheelchair_basketball_team", "RugbyClub": "\u00c9quipe d'Australie f\u00e9minine de basket-ball en fauteuil roulant"}, {"lien": "http://dbpedia.org/resource/Great_Britain_men's_national_wheelchair_basketball_team", "RugbyClub": "\u00c9quipe de Grande-Bretagne de basket-ball en fauteuil roulant"}, {"lien": "http://dbpedia.org/resource/AS_B\u00e9ziers_H\u00e9rault", "RugbyClub": "Association sportive de B\u00e9ziers H\u00e9rault"}, {"lien": "http://dbpedia.org/resource/Army_Rugby_Union", "RugbyClub": "F\u00e9d\u00e9ration de l'Arm\u00e9e de terre britannique de rugby \u00e0 XV"}, {"lien": "http://dbpedia.org/resource/Biggar_RFC", "RugbyClub": "Biggar RFC"}, {"lien": "http://dbpedia.org/resource/Blue_Bulls", "RugbyClub": "Blue Bulls"}, {"lien": "http://dbpedia.org/resource/Boland_Cavaliers", "RugbyClub": "Boland Cavaliers"}, {"lien": "http://dbpedia.org/resource/Boston_Irish_Wolfhounds", "RugbyClub": "Boston Irish Wolfhounds"}, {"lien": "http://dbpedia.org/resource/Bulls_(rugby_union)", "RugbyClub": "Bulls (rugby \u00e0 XV)"}, {"lien": "http://dbpedia.org/resource/Canberra_Vikings", "RugbyClub": "Canberra Vikings"}, {"lien": "http://dbpedia.org/resource/Chiefs_(rugby_union)", "RugbyClub": "Chiefs (rugby \u00e0 XV)"}, {"lien": "http://dbpedia.org/resource/Exeter_Chiefs", "RugbyClub": "Exeter Chiefs"}, {"lien": "http://dbpedia.org/resource/Kelso_RFC", "RugbyClub": "Kelso RFC"}, {"lien": "http://dbpedia.org/resource/Manly_RUFC", "RugbyClub": "Manly RUFC"}, {"lien": "http://dbpedia.org/resource/Scotland_national_basketball_team", "RugbyClub": "\u00c9quipe d'\u00c9cosse de basket-ball"}, {"lien": "http://dbpedia.org/resource/Scotland_national_rugby_league_team", "RugbyClub": "\u00c9quipe d'\u00c9cosse de rugby \u00e0 XIII"}, {"lien": "http://dbpedia.org/resource/Sopwith_(video_game)", "RugbyClub": "Sopwith (jeu vid\u00e9o)"}, {"lien": "http://dbpedia.org/resource/Swansea_RFC", "RugbyClub": "Swansea RFC"}, {"lien": "http://dbpedia.org/resource/Tarbes_Pyr\u00e9n\u00e9es_Rugby", "RugbyClub": "Tarbes Pyr\u00e9n\u00e9es rugby"}, {"lien": "http://dbpedia.org/resource/Tasman_Rugby_Union", "RugbyClub": "Tasman Rugby Union"}, {"lien": "http://dbpedia.org/resource/West_of_Scotland_F.C.", "RugbyClub": "West of Scotland FC"}, {"lien": "http://dbpedia.org/resource/Busento", "RugbyClub": "Busento"}, {"lien": "http://dbpedia.org/resource/Papua_New_Guinea_national_rugby_union_team", "RugbyClub": "\u00c9quipe de Papouasie-Nouvelle-Guin\u00e9e de rugby \u00e0 XV"}, {"lien": "http://dbpedia.org/resource/Atlantique_Stade_Rochelais", "RugbyClub": "Stade rochelais"}, {"lien": "http://dbpedia.org/resource/Barbados_national_rugby_union_team", "RugbyClub": "\u00c9quipe de Barbade de rugby \u00e0 XV"}, {"lien": "http://dbpedia.org/resource/Central_Vikings_Rugby_Union", "RugbyClub": "Central Vikings Rugby Union"}, {"lien": "http://dbpedia.org/resource/Illawarriors", "RugbyClub": "Illawarriors"}, {"lien": "http://dbpedia.org/resource/Impossible_Mission_2025", "RugbyClub": "Impossible Mission 2025"}, {"lien": "http://dbpedia.org/resource/Julia_Dream", "RugbyClub": "Julia Dream"}, {"lien": "http://dbpedia.org/resource/Oyonnax_Rugby", "RugbyClub": "Union sportive Oyonnax rugby"}, {"lien": "http://dbpedia.org/resource/Rugby_Club_Walferdange", "RugbyClub": "De Renert Walferdange"}, {"lien": "http://dbpedia.org/resource/Stade_Bagn\u00e9rais", "RugbyClub": "Stade bagn\u00e9rais"}, {"lien": "http://dbpedia.org/resource/Stade_Montois", "RugbyClub": "Stade montois (rugby \u00e0 XV)"}, {"lien": "http://dbpedia.org/resource/Sunshine_Coast_Stingrays", "RugbyClub": "Sunshine Coast Stingrays"}, {"lien": "http://dbpedia.org/resource/USA_Limoges", "RugbyClub": "Limoges rugby"}, {"lien": "http://dbpedia.org/resource/Ukraine_national_rugby_union_team", "RugbyClub": "\u00c9quipe d'Ukraine de rugby \u00e0 XV"}, {"lien": "http://dbpedia.org/resource/United_States_women's_national_rugby_union_team", "RugbyClub": "\u00c9quipe des \u00c9tats-Unis de rugby \u00e0 XV f\u00e9minin"}, {"lien": "http://dbpedia.org/resource/Vanuatu_national_rugby_union_team", "RugbyClub": "\u00c9quipe de Vanuatu de rugby \u00e0 XV"}, {"lien": "http://dbpedia.org/resource/Venezuela_national_rugby_union_team", "RugbyClub": "\u00c9quipe du Venezuela de rugby \u00e0 XV"}, {"lien": "http://dbpedia.org/resource/Zambia_national_rugby_union_team", "RugbyClub": "\u00c9quipe de Zambie de rugby \u00e0 XV"}, {"lien": "http://dbpedia.org/resource/Amatori_Rugby_Milano", "RugbyClub": "Amatori Rugby Milan"}, {"lien": "http://dbpedia.org/resource/Arabian_Gulf_rugby_union_team", "RugbyClub": "\u00c9quipe du golfe Persique de rugby \u00e0 XV"}, {"lien": "http://dbpedia.org/resource/Bahamas_national_rugby_union_team", "RugbyClub": "\u00c9quipe des Bahamas de rugby \u00e0 XV"}, {"lien": "http://dbpedia.org/resource/Bermuda_national_rugby_union_team", "RugbyClub": "\u00c9quipe des Bermudes de rugby \u00e0 XV"}, {"lien": "http://dbpedia.org/resource/Bosnia_and_Herzegovina_national_rugby_union_team", "RugbyClub": "\u00c9quipe de Bosnie-Herz\u00e9govine de rugby \u00e0 XV"}, {"lien": "http://dbpedia.org/resource/Botswana_national_rugby_union_team", "RugbyClub": "\u00c9quipe du Botswana de rugby \u00e0 XV"}, {"lien": "http://dbpedia.org/resource/Bucure\u0219ti_Wolves", "RugbyClub": "Bucarest Rugby"}, {"lien": "http://dbpedia.org/resource/Cameroon_national_rugby_union_team", "RugbyClub": "\u00c9quipe du Cameroun de rugby \u00e0 XV"}, {"lien": "http://dbpedia.org/resource/Chinese_Taipei_national_rugby_union_team", "RugbyClub": "\u00c9quipe de Taipei chinois de rugby \u00e0 XV"}, {"lien": "http://dbpedia.org/resource/Colombia_national_rugby_union_team", "RugbyClub": "\u00c9quipe de Colombie de rugby \u00e0 XV"}, {"lien": "http://dbpedia.org/resource/Finland_national_rugby_union_team", "RugbyClub": "\u00c9quipe de Finlande de rugby \u00e0 XV"}, {"lien": "http://dbpedia.org/resource/Guam_national_rugby_union_team", "RugbyClub": "\u00c9quipe de Guam de rugby \u00e0 XV"}, {"lien": "http://dbpedia.org/resource/Guyana_national_rugby_union_team", "RugbyClub": "\u00c9quipe du Guyana de rugby \u00e0 XV"}, {"lien": "http://dbpedia.org/resource/Malaysia_national_rugby_union_team", "RugbyClub": "\u00c9quipe de Malaisie de rugby \u00e0 XV"}, {"lien": "http://dbpedia.org/resource/Monaco_national_rugby_union_team", "RugbyClub": "\u00c9quipe de Monaco de rugby \u00e0 XV"}, {"lien": "http://dbpedia.org/resource/Saint_Lucia_national_rugby_union_team", "RugbyClub": "\u00c9quipe de Sainte-Lucie de rugby \u00e0 XV"}, {"lien": "http://dbpedia.org/resource/Saint_Vincent_and_the_Grenadines_Rugby_Union_Football_Club", "RugbyClub": "\u00c9quipe de Saint-Vincent-et-les-Grenadines de rugby \u00e0 XV"}, {"lien": "http://dbpedia.org/resource/Senegal_national_rugby_union_team", "RugbyClub": "\u00c9quipe du S\u00e9n\u00e9gal de rugby \u00e0 XV"}, {"lien": "http://dbpedia.org/resource/Singapore_national_rugby_union_team", "RugbyClub": "\u00c9quipe de Singapour de rugby \u00e0 XV"}, {"lien": "http://dbpedia.org/resource/South_Korea_national_rugby_union_team", "RugbyClub": "\u00c9quipe de Cor\u00e9e du Sud de rugby \u00e0 XV"}, {"lien": "http://dbpedia.org/resource/Stade_Aurillacois_Cantal_Auvergne", "RugbyClub": "Stade aurillacois Cantal Auvergne"}, {"lien": "http://dbpedia.org/resource/Thailand_national_rugby_union_team", "RugbyClub": "\u00c9quipe de Tha\u00eflande de rugby \u00e0 XV"}, {"lien": "http://dbpedia.org/resource/Tonga_national_rugby_sevens_team", "RugbyClub": "\u00c9quipe des Tonga de rugby \u00e0 sept"}, {"lien": "http://dbpedia.org/resource/Trinidad_and_Tobago_national_rugby_union_team", "RugbyClub": "\u00c9quipe de Trinit\u00e9-et-Tobago de rugby \u00e0 XV"}, {"lien": "http://dbpedia.org/resource/Zimbabwe_national_rugby_sevens_team", "RugbyClub": "\u00c9quipe du Zimbabwe de rugby \u00e0 sept"}, {"lien": "http://dbpedia.org/resource/RC_Narbonne", "RugbyClub": "Racing Club de Narbonne M\u00e9diterran\u00e9e"}, {"lien": "http://dbpedia.org/resource/SC_1880_Frankfurt", "RugbyClub": "SC 1880 Frankfurt"}, {"lien": "http://dbpedia.org/resource/TSV_Victoria_Linden", "RugbyClub": "TSV Victoria Linden"}, {"lien": "http://dbpedia.org/resource/Indigenous_All_Stars_(rugby_league)", "RugbyClub": "\u00c9quipe des aborig\u00e8nes d'Australie de rugby \u00e0 XIII"}, {"lien": "http://dbpedia.org/resource/Connemara_RFC", "RugbyClub": "Connemara RFC"}, {"lien": "http://dbpedia.org/resource/CIS_(rugby)", "RugbyClub": "\u00c9quipe de la Communaut\u00e9 des \u00c9tats ind\u00e9pendants de rugby \u00e0 XV"}, {"lien": "http://dbpedia.org/resource/Brazil_national_roller_hockey_team", "RugbyClub": "\u00c9quipe du Br\u00e9sil de rink hockey"}, {"lien": "http://dbpedia.org/resource/Israel_national_roller_hockey_team", "RugbyClub": "\u00c9quipe d'Isra\u00ebl de rink hockey"}, {"lien": "http://dbpedia.org/resource/Macau_national_roller_hockey_team", "RugbyClub": "\u00c9quipe de Macao de rink hockey"}, {"lien": "http://dbpedia.org/resource/South_Africa_national_roller_hockey_team", "RugbyClub": "\u00c9quipe d'Afrique du Sud de rink hockey"}, {"lien": "http://dbpedia.org/resource/United_States_national_roller_hockey_team", "RugbyClub": "\u00c9quipe des \u00c9tats-Unis de rink hockey"}, {"lien": "http://dbpedia.org/resource/British_and_Irish_Lions", "RugbyClub": "\u00c9quipe des Lions britanniques et irlandais de rugby \u00e0 XV"}, {"lien": "http://dbpedia.org/resource/R-Type", "RugbyClub": "R-Type"}, {"lien": "http://dbpedia.org/resource/Celtic_Warriors", "RugbyClub": "Celtic Warriors"}, {"lien": "http://dbpedia.org/resource/Glamorgan_Wanderers_RFC", "RugbyClub": "Glamorgan Wanderers RFC"}, {"lien": "http://dbpedia.org/resource/Jaguares_(Super_Rugby)", "RugbyClub": "Jaguars (franchise)"}, {"lien": "http://dbpedia.org/resource/Lansdowne_Football_Club", "RugbyClub": "Lansdowne RFC"}, {"lien": "http://dbpedia.org/resource/Message/Personal", "RugbyClub": "MESSAGE/PERSONAL"}, {"lien": "http://dbpedia.org/resource/North_Sydney_Bears", "RugbyClub": "North Sydney Bears"}, {"lien": "http://dbpedia.org/resource/Northampton_Saints", "RugbyClub": "Northampton Saints"}, {"lien": "http://dbpedia.org/resource/Pumas_(rugby_team)", "RugbyClub": "Pumas (rugby \u00e0 XV)"}, {"lien": "http://dbpedia.org/resource/SC_Germania_List", "RugbyClub": "SC Germania List"}, {"lien": "http://dbpedia.org/resource/San_Francisco_Rush_(rugby)", "RugbyClub": "Rush de San Francisco"}, {"lien": "http://dbpedia.org/resource/St._Louis_Bombers_Rugby_Football_Club", "RugbyClub": "St. Louis Bombers RFC"}, {"lien": "http://dbpedia.org/resource/Union_Bordeaux_B\u00e8gles", "RugbyClub": "Union Bordeaux B\u00e8gles"}, {"lien": "http://dbpedia.org/resource/Waikato_Rugby_Union", "RugbyClub": "Waikato Rugby Union"}, {"lien": "http://dbpedia.org/resource/Wanderers_F.C._(rugby_union)", "RugbyClub": "Wanderers FC Rugby Club"}, {"lien": "http://dbpedia.org/resource/Armed_Police_Unit_Gallop", "RugbyClub": "Cosmic Cop"}, {"lien": "http://dbpedia.org/resource/Burnaby_Lake_Rugby_Club", "RugbyClub": "Burnaby Lake Rugby Club"}, {"lien": "http://dbpedia.org/resource/Cross_Keys_RFC", "RugbyClub": "Cross Keys RFC"}, {"lien": "http://dbpedia.org/resource/Eastern_Suburbs_RUFC", "RugbyClub": "Eastern Suburbs Rugby Union Football Club"}, {"lien": "http://dbpedia.org/resource/Hong_Kong_Scottish", "RugbyClub": "Hong Kong Scottish"}, {"lien": "http://dbpedia.org/resource/Madagascar_national_rugby_union_team", "RugbyClub": "\u00c9quipe de Madagascar de rugby \u00e0 XV"}, {"lien": "http://dbpedia.org/resource/Gordon_RFC", "RugbyClub": "Gordon RFC"}, {"lien": "http://dbpedia.org/resource/Malone_RFC", "RugbyClub": "Malone RFC"}, {"lien": "http://dbpedia.org/resource/Pontypool_RFC", "RugbyClub": "Pontypool RFC"}, {"lien": "http://dbpedia.org/resource/Cardiff_RFC", "RugbyClub": "Cardiff RFC"}, {"lien": "http://dbpedia.org/resource/Algeria_national_basketball_team", "RugbyClub": "\u00c9quipe d'Alg\u00e9rie de basket-ball"}, {"lien": "http://dbpedia.org/resource/Algeria_national_rugby_union_team", "RugbyClub": "\u00c9quipe d'Alg\u00e9rie de rugby \u00e0 XV"}, {"lien": "http://dbpedia.org/resource/Republican_faction_(Spanish_Civil_War)", "RugbyClub": "R\u00e9publicains espagnols"}, {"lien": "http://dbpedia.org/resource/Panama_national_basketball_team", "RugbyClub": "\u00c9quipe du Panama de basket-ball"}, {"lien": "http://dbpedia.org/resource/U.S._Virgin_Islands_national_basketball_team", "RugbyClub": "\u00c9quipe des \u00celes Vierges des \u00c9tats-Unis de basket-ball"}, {"lien": "http://dbpedia.org/resource/Central_African_Republic_national_basketball_team", "RugbyClub": "\u00c9quipe de R\u00e9publique centrafricaine de basket-ball"}, {"lien": "http://dbpedia.org/resource/Argentina_women's_national_basketball_team", "RugbyClub": "\u00c9quipe d'Argentine de basket-ball f\u00e9minin"}, {"lien": "http://dbpedia.org/resource/Naked/Fight_Together/Tempest", "RugbyClub": "NAKED / Fight Together / Tempest"}, {"lien": "http://dbpedia.org/resource/San_Gregorio_Catania_Rugby", "RugbyClub": "San Gregorio Catania Rugby"}, {"lien": "http://dbpedia.org/resource/Italy_national_under-20_rugby_union_team", "RugbyClub": "\u00c9quipe d'Italie de rugby \u00e0 XV des moins de 20 ans"}, {"lien": "http://dbpedia.org/resource/Scotland_national_under-20_rugby_union_team", "RugbyClub": "\u00c9quipe d'\u00c9cosse de rugby \u00e0 XV des moins de 20 ans"}, {"lien": "http://dbpedia.org/resource/Caldas_Rugby_Clube", "RugbyClub": "Caldas Rugby Clube"}, {"lien": "http://dbpedia.org/resource/Clube_de_Rugby_de_\u00c9vora", "RugbyClub": "Clube de Rugby de \u00c9vora"}, {"lien": "http://dbpedia.org/resource/Gibraltar_national_rugby_union_team", "RugbyClub": "\u00c9quipe de Gibraltar de rugby \u00e0 XV"}, {"lien": "http://dbpedia.org/resource/Lusitanos_XV", "RugbyClub": "Lusitanos XV"}, {"lien": "http://dbpedia.org/resource/RC_Army_Tbilisi", "RugbyClub": "Armia Tbilissi"}, {"lien": "http://dbpedia.org/resource/Tbilisi_Caucasians", "RugbyClub": "Tbilissi Caucasians"}, {"lien": "http://dbpedia.org/resource/Olympic_Club_RFC", "RugbyClub": "Olympic Club Rugby"}, {"lien": "http://dbpedia.org/resource/Barbarian_Rugby_Club", "RugbyClub": "Barbarians fran\u00e7ais"}, {"lien": "http://dbpedia.org/resource/Brussels_Barbarians", "RugbyClub": "Brussels Barbarians"}, {"lien": "http://dbpedia.org/resource/Border_Bulldogs", "RugbyClub": "Border Bulldogs"}, {"lien": "http://dbpedia.org/resource/Free_State_Cheetahs", "RugbyClub": "Free State Cheetahs"}, {"lien": "http://dbpedia.org/resource/Galwegians_RFC", "RugbyClub": "Galwegians RFC"}, {"lien": "http://dbpedia.org/resource/Glamorgan_County_RFC", "RugbyClub": "Glamorgan County RFC"}, {"lien": "http://dbpedia.org/resource/Glasgow_Hutchesons_Aloysians_RFC", "RugbyClub": "Glasgow Hutchesons Aloysians RFC"}, {"lien": "http://dbpedia.org/resource/Griffons_(rugby_team)", "RugbyClub": "Griffons (rugby \u00e0 XV)"}, {"lien": "http://dbpedia.org/resource/Manawatu_Rugby_Union", "RugbyClub": "Manawatu Rugby Union"}, {"lien": "http://dbpedia.org/resource/Pacific_Islanders_rugby_union_team", "RugbyClub": "\u00c9quipe des Pacific Islanders de rugby \u00e0 XV"}, {"lien": "http://dbpedia.org/resource/USA_Perpignan", "RugbyClub": "Union sportive arlequins perpignanais"}, {"lien": "http://dbpedia.org/resource/Argentina_XV_national_rugby_union_team", "RugbyClub": "\u00c9quipe des Jaguars d'Argentine de rugby \u00e0 XV"}, {"lien": "http://dbpedia.org/resource/Belgium_women's_national_rugby_union_team", "RugbyClub": "\u00c9quipe de Belgique de rugby \u00e0 XV f\u00e9minin"}, {"lien": "http://dbpedia.org/resource/Blagnac_SCR", "RugbyClub": "Blagnac rugby"}, {"lien": "http://dbpedia.org/resource/Chicago_Griffins_RFC", "RugbyClub": "Chicago Griffins RFC"}, {"lien": "http://dbpedia.org/resource/Club_Newman", "RugbyClub": "Club Newman"}, {"lien": "http://dbpedia.org/resource/England_women's_national_rugby_union_team", "RugbyClub": "\u00c9quipe d'Angleterre de rugby \u00e0 XV f\u00e9minin"}, {"lien": "http://dbpedia.org/resource/Indonesia_national_rugby_union_team", "RugbyClub": "\u00c9quipe d'Indon\u00e9sie de rugby \u00e0 XV"}, {"lien": "http://dbpedia.org/resource/Italy_women's_national_rugby_union_team", "RugbyClub": "\u00c9quipe d'Italie de rugby \u00e0 XV f\u00e9minin"}, {"lien": "http://dbpedia.org/resource/Ivory_Coast_national_basketball_team", "RugbyClub": "\u00c9quipe de C\u00f4te d'Ivoire de basket-ball"}, {"lien": "http://dbpedia.org/resource/Japan_women's_national_rugby_union_team", "RugbyClub": "\u00c9quipe du Japon de rugby \u00e0 XV f\u00e9minin"}, {"lien": "http://dbpedia.org/resource/Mexico_national_basketball_team", "RugbyClub": "\u00c9quipe du Mexique de basket-ball"}, {"lien": "http://dbpedia.org/resource/Norway_women's_national_rugby_union_team", "RugbyClub": "\u00c9quipe de Norv\u00e8ge de rugby \u00e0 XV f\u00e9minin"}, {"lien": "http://dbpedia.org/resource/Rugby_Club_I_Cavalieri_Prato", "RugbyClub": "Rugby Club I Cavalieri Prato"}, {"lien": "http://dbpedia.org/resource/Serbia_women's_national_rugby_union_team", "RugbyClub": "\u00c9quipe de Serbie de rugby \u00e0 XV f\u00e9minin"}, {"lien": "http://dbpedia.org/resource/Sweden_women's_national_rugby_union_team", "RugbyClub": "\u00c9quipe de Su\u00e8de de rugby \u00e0 XV f\u00e9minin"}, {"lien": "http://dbpedia.org/resource/United_States_national_rugby_sevens_team", "RugbyClub": "\u00c9quipe des \u00c9tats-Unis de rugby \u00e0 sept"}, {"lien": "http://dbpedia.org/resource/Aironi", "RugbyClub": "Aironi Rugby"}, {"lien": "http://dbpedia.org/resource/Brazil_national_rugby_sevens_team", "RugbyClub": "\u00c9quipe du Br\u00e9sil de rugby \u00e0 sept"}, {"lien": "http://dbpedia.org/resource/Buenos_Aires_Cricket_&_Rugby_Club", "RugbyClub": "Buenos Aires Cricket & Rugby Club"}, {"lien": "http://dbpedia.org/resource/CR_La_Vila", "RugbyClub": "Club de Rugby La Vila"}, {"lien": "http://dbpedia.org/resource/Club_San_Cirano", "RugbyClub": "Club San Cirano"}, {"lien": "http://dbpedia.org/resource/Club_de_Regatas_Bella_Vista", "RugbyClub": "Club Regatas de Bella Vista"}, {"lien": "http://dbpedia.org/resource/Duendes_Rugby_Club", "RugbyClub": "Duendes Rugby Club"}, {"lien": "http://dbpedia.org/resource/Gernika_RT", "RugbyClub": "Gernika Rugby Taldea"}, {"lien": "http://dbpedia.org/resource/Hamburger_RC", "RugbyClub": "Hamburger Rugby-Club"}, {"lien": "http://dbpedia.org/resource/La_Plata_Rugby_Club", "RugbyClub": "La Plata Rugby Club"}, {"lien": "http://dbpedia.org/resource/Los_Tarcos_Rugby_Club", "RugbyClub": "Los Tarcos Rugby Club"}, {"lien": "http://dbpedia.org/resource/Old_Christians_Club", "RugbyClub": "Old Christians Club"}, {"lien": "http://dbpedia.org/resource/Spartak_GM_Moscow", "RugbyClub": "Spartak GM"}, {"lien": "http://dbpedia.org/resource/Tala_Rugby_Club", "RugbyClub": "Tala Rugby Club"}, {"lien": "http://dbpedia.org/resource/Tucum\u00e1n_Rugby_Club", "RugbyClub": "Tucum\u00e1n Rugby Club"}, {"lien": "http://dbpedia.org/resource/Yenisey-STM_Krasnoyarsk", "RugbyClub": "Enisey-STM"}, {"lien": "http://dbpedia.org/resource/ASUB_Waterloo", "RugbyClub": "ASUB Waterloo"}, {"lien": "http://dbpedia.org/resource/American_Samoa_national_rugby_sevens_team", "RugbyClub": "\u00c9quipe des Samoa am\u00e9ricaines de rugby \u00e0 sept"}, {"lien": "http://dbpedia.org/resource/Australia_women's_national_rugby_sevens_team", "RugbyClub": "\u00c9quipe d'Australie de rugby \u00e0 sept f\u00e9minin"}, {"lien": "http://dbpedia.org/resource/Avenir_Valencien", "RugbyClub": "Avenir valencien"}, {"lien": "http://dbpedia.org/resource/BUC_St_Josse", "RugbyClub": "BUC Saint-Josse Rugby Club"}, {"lien": "http://dbpedia.org/resource/Boitsfort_Rugby_Club", "RugbyClub": "Boitsfort Rugby Club"}, {"lien": "http://dbpedia.org/resource/Brazil_women's_national_rugby_sevens_team", "RugbyClub": "\u00c9quipe du Br\u00e9sil de rugby \u00e0 sept f\u00e9minin"}, {"lien": "http://dbpedia.org/resource/CS_Universitatea_Cluj-Napoca_(rugby)", "RugbyClub": "CS Universitatea Cluj-Napoca (rugby \u00e0 XV)"}, {"lien": "http://dbpedia.org/resource/Canada_women's_national_rugby_sevens_team", "RugbyClub": "\u00c9quipe du Canada de rugby \u00e0 sept f\u00e9minin"}, {"lien": "http://dbpedia.org/resource/Canon_Eagles", "RugbyClub": "Canon Eagles"}, {"lien": "http://dbpedia.org/resource/Club_Olympique_Creusot_Bourgogne", "RugbyClub": "Club olympique Creusot Bourgogne"}, {"lien": "http://dbpedia.org/resource/Coq_Mosan", "RugbyClub": "Coq Mosan"}, {"lien": "http://dbpedia.org/resource/Dendermondse_Rugby_Club", "RugbyClub": "Dendermondse Rugby Club"}, {"lien": "http://dbpedia.org/resource/Fiji_women's_national_rugby_sevens_team", "RugbyClub": "\u00c9quipe des Fidji de rugby \u00e0 sept f\u00e9minin"}, {"lien": "http://dbpedia.org/resource/France_women's_national_rugby_sevens_team", "RugbyClub": "\u00c9quipe de France de rugby \u00e0 sept f\u00e9minin"}, {"lien": "http://dbpedia.org/resource/Georgia_national_under-20_rugby_union_team", "RugbyClub": "\u00c9quipe de G\u00e9orgie de rugby \u00e0 XV des moins de 20 ans"}, {"lien": "http://dbpedia.org/resource/Italy_men's_national_canoe_polo_team", "RugbyClub": "\u00c9quipe d'Italie de kayak-polo masculin"}, {"lien": "http://dbpedia.org/resource/Japan_women's_national_rugby_sevens_team", "RugbyClub": "\u00c9quipe du Japon de rugby \u00e0 sept f\u00e9minin"}, {"lien": "http://dbpedia.org/resource/Kenya_women's_national_rugby_sevens_team", "RugbyClub": "\u00c9quipe du Kenya de rugby \u00e0 sept f\u00e9minin"}, {"lien": "http://dbpedia.org/resource/NTT_Docomo_Red_Hurricanes", "RugbyClub": "NTT Docomo Red Hurricanes"}, {"lien": "http://dbpedia.org/resource/New_Zealand_women's_national_rugby_sevens_team", "RugbyClub": "\u00c9quipe de Nouvelle-Z\u00e9lande de rugby \u00e0 sept f\u00e9minin"}, {"lien": "http://dbpedia.org/resource/Oviedo_RC", "RugbyClub": "Real Oviedo Rugby"}, {"lien": "http://dbpedia.org/resource/RC_Aachen", "RugbyClub": "RC Aachen"}, {"lien": "http://dbpedia.org/resource/RC_Frameries", "RugbyClub": "Rugby Club Frameries"}, {"lien": "http://dbpedia.org/resource/RC_Massy", "RugbyClub": "Rugby club Massy Essonne"}, {"lien": "http://dbpedia.org/resource/RC_Soignies", "RugbyClub": "RC Soignies"}, {"lien": "http://dbpedia.org/resource/Royal_Kituro_Rugby_Club", "RugbyClub": "Royal Kituro Rugby Club"}, {"lien": "http://dbpedia.org/resource/Rugby_Club_Ch\u00e2teaurenard", "RugbyClub": "Rugby club Ch\u00e2teaurenard"}, {"lien": "http://dbpedia.org/resource/Rugby_Ottignies_Club", "RugbyClub": "Rugby Ottignies Club"}, {"lien": "http://dbpedia.org/resource/SC_Mazamet", "RugbyClub": "Sporting club mazam\u00e9tain"}, {"lien": "http://dbpedia.org/resource/Saint-Paul_Sports_Rugby", "RugbyClub": "Saint-Paul sports rugby"}, {"lien": "http://dbpedia.org/resource/Spain_women's_national_rugby_sevens_team", "RugbyClub": "\u00c9quipe d'Espagne de rugby \u00e0 sept f\u00e9minin"}, {"lien": "http://dbpedia.org/resource/Sporting_Club_Graulhetois", "RugbyClub": "Sporting club graulhetois"}, {"lien": "http://dbpedia.org/resource/Stade_Montchaninois", "RugbyClub": "Stade montchaninois Bourgogne"}, {"lien": "http://dbpedia.org/resource/Switzerland_national_roller_hockey_team", "RugbyClub": "\u00c9quipe de Suisse de rink hockey"}, {"lien": "http://dbpedia.org/resource/Union_Sportive_Romanaise_et_P\u00e9ageoise", "RugbyClub": "Union sportive romanaise et p\u00e9ageoise"}, {"lien": "http://dbpedia.org/resource/United_States_women's_national_rugby_sevens_team", "RugbyClub": "\u00c9quipe des \u00c9tats-Unis de rugby \u00e0 sept f\u00e9minin"}, {"lien": "http://dbpedia.org/resource/Zebre", "RugbyClub": "Zebre (rugby \u00e0 XV)"}, {"lien": "http://dbpedia.org/resource/\u00c9toile_sportive_catalane", "RugbyClub": "\u00c9toile sportive catalane"}, {"lien": "http://dbpedia.org/resource/Bective_Rangers", "RugbyClub": "Bective Rangers RFC"}, {"lien": "http://dbpedia.org/resource/Candy_and_a_Currant_Bun", "RugbyClub": "Candy and a Currant Bun"}, {"lien": "http://dbpedia.org/resource/Clontarf_FC", "RugbyClub": "Clontarf Football Club"}, {"lien": "http://dbpedia.org/resource/Highfield_R.F.C.", "RugbyClub": "Highfield RFC"}, {"lien": "http://dbpedia.org/resource/Ivory_Coast_national_rugby_union_team", "RugbyClub": "\u00c9quipe de C\u00f4te d'Ivoire de rugby \u00e0 XV"}, {"lien": "http://dbpedia.org/resource/Luxembourg_national_rugby_union_team", "RugbyClub": "\u00c9quipe du Luxembourg de rugby \u00e0 XV"}, {"lien": "http://dbpedia.org/resource/Netherlands_national_rugby_union_team", "RugbyClub": "\u00c9quipe des Pays-Bas de rugby \u00e0 XV"}, {"lien": "http://dbpedia.org/resource/Niue_national_rugby_union_team", "RugbyClub": "\u00c9quipe de Niue de rugby \u00e0 XV"}, {"lien": "http://dbpedia.org/resource/Northern_Suburbs_Rugby_Club", "RugbyClub": "Northern Suburbs RFC"}, {"lien": "http://dbpedia.org/resource/Parramatta_Two_Blues", "RugbyClub": "Parramatta Two Blues"}, {"lien": "http://dbpedia.org/resource/Queensland_rugby_league_team", "RugbyClub": "\u00c9quipe du Queensland de rugby \u00e0 XIII"}, {"lien": "http://dbpedia.org/resource/Southern_Districts_Rugby_Club", "RugbyClub": "Southern Districts Rugby Club"}, {"lien": "http://dbpedia.org/resource/Tahiti_national_rugby_union_team", "RugbyClub": "\u00c9quipe de Tahiti de rugby \u00e0 XV"}, {"lien": "http://dbpedia.org/resource/Tunisia_national_rugby_union_team", "RugbyClub": "\u00c9quipe de Tunisie de rugby \u00e0 XV"}, {"lien": "http://dbpedia.org/resource/US_Colomiers", "RugbyClub": "Colomiers rugby"}, {"lien": "http://dbpedia.org/resource/Warringah_Rugby_Club", "RugbyClub": "Warringah Rugby Club"}, {"lien": "http://dbpedia.org/resource/Heidelberger_TV", "RugbyClub": "Heidelberger TV"}, {"lien": "http://dbpedia.org/resource/RG_Heidelberg", "RugbyClub": "RG Heidelberg"}, {"lien": "http://dbpedia.org/resource/SC_Neuenheim", "RugbyClub": "SC Neuenheim"}, {"lien": "http://dbpedia.org/resource/East_Africa_rugby_union_team", "RugbyClub": "\u00c9quipe d'Afrique de l'Est de rugby \u00e0 XV"}, {"lien": "http://dbpedia.org/resource/Ranger_X", "RugbyClub": "Ranger X"}, {"lien": "http://dbpedia.org/resource/Cambridge_University_R.U.F.C.", "RugbyClub": "Cambridge University RUFC"}, {"lien": "http://dbpedia.org/resource/AEIS_Agronomia", "RugbyClub": "Associa\u00e7\u00e3o de Estudantes do Instituto Superior Agronomia"}, {"lien": "http://dbpedia.org/resource/Athens_RFC", "RugbyClub": "Athens RFC"}, {"lien": "http://dbpedia.org/resource/Athens_Spartans_RFC", "RugbyClub": "Athens Spartans RFC"}, {"lien": "http://dbpedia.org/resource/Attica_Springboks_RFC", "RugbyClub": "Attica Springboks RFC"}, {"lien": "http://dbpedia.org/resource/C._R._T\u00e9cnico", "RugbyClub": "Clube de Rugby do T\u00e9cnico - Instituto Superior T\u00e9cnico de Lisboa"}, {"lien": "http://dbpedia.org/resource/Thessaloniki_Lions_RFC", "RugbyClub": "Thessaloniki Lions Rugby Club"}, {"lien": "http://dbpedia.org/resource/Stade_Rodez_Aveyron", "RugbyClub": "Stade Rodez Aveyron"}, {"lien": "http://dbpedia.org/resource/Cura\u00e7ao_national_rugby_union_team", "RugbyClub": "\u00c9quipe de Cura\u00e7ao de rugby \u00e0 XV"}, {"lien": "http://dbpedia.org/resource/Bristol_Rugby", "RugbyClub": "Bristol Rugby"}, {"lien": "http://dbpedia.org/resource/Calgary_Mavericks", "RugbyClub": "Calgary Mavericks"}, {"lien": "http://dbpedia.org/resource/Club_Universitario_de_Buenos_Aires", "RugbyClub": "Club Universitario de Buenos Aires"}, {"lien": "http://dbpedia.org/resource/Coastal_Stallions", "RugbyClub": "Coastal Stallions"}, {"lien": "http://dbpedia.org/resource/Dolphin_RFC", "RugbyClub": "Dolphin RFC"}, {"lien": "http://dbpedia.org/resource/Hurricanes_(rugby_union)", "RugbyClub": "Hurricanes"}, {"lien": "http://dbpedia.org/resource/Kansas_City_Blues_(USA_Rugby)", "RugbyClub": "Kansas City Blues Rugby Football Club"}, {"lien": "http://dbpedia.org/resource/Leicester_Tigers", "RugbyClub": "Leicester Tigers"}, {"lien": "http://dbpedia.org/resource/Liverpool_St_Helens_F.C.", "RugbyClub": "Liverpool St Helens FC"}, {"lien": "http://dbpedia.org/resource/Manchester_Rugby_Club", "RugbyClub": "Manchester Rugby Club"}, {"lien": "http://dbpedia.org/resource/NEC_Green_Rockets", "RugbyClub": "NEC Green Rockets"}, {"lien": "http://dbpedia.org/resource/Old_Belvedere", "RugbyClub": "Old Belvedere RFC"}, {"lien": "http://dbpedia.org/resource/Rugby_Lyons_Piacenza", "RugbyClub": "Rugby Lyons Piacenza"}, {"lien": "http://dbpedia.org/resource/Rule/Sparkle", "RugbyClub": "Rule/Sparkle"}, {"lien": "http://dbpedia.org/resource/US_Dax", "RugbyClub": "Union sportive dacquoise"}, {"lien": "http://dbpedia.org/resource/Ayr_RFC", "RugbyClub": "Ayr RFC"}, {"lien": "http://dbpedia.org/resource/Waterloo_FC", "RugbyClub": "Waterloo RFC"}, {"lien": "http://dbpedia.org/resource/Alcobendas_Rugby", "RugbyClub": "Club Alcobendas Rugby"}, {"lien": "http://dbpedia.org/resource/C.F._Os_Belenenses_(rugby_union)", "RugbyClub": "Clube de Futebol Os Belenenses (rugby \u00e0 XV)"}, {"lien": "http://dbpedia.org/resource/CS_Dinamo_Bucure\u0219ti_(rugby)", "RugbyClub": "Dinamo Bucarest (rugby \u00e0 XV)"}, {"lien": "http://dbpedia.org/resource/Ciencias_Sevilla_CR", "RugbyClub": "Ciencias Rugby S\u00e9ville"}, {"lien": "http://dbpedia.org/resource/Club_San_Luis", "RugbyClub": "Club San Luis (rugby \u00e0 XV)"}, {"lien": "http://dbpedia.org/resource/Deathsmiles", "RugbyClub": "Deathsmiles"}, {"lien": "http://dbpedia.org/resource/Dominican_Republic_national_rugby_union_team", "RugbyClub": "\u00c9quipe de la R\u00e9publique dominicaine de rugby \u00e0 XV"}, {"lien": "http://dbpedia.org/resource/Estonia_national_rugby_union_team", "RugbyClub": "\u00c9quipe d'Estonie de rugby \u00e0 XV"}, {"lien": "http://dbpedia.org/resource/Grupo_Desportivo_Direito", "RugbyClub": "Grupo Desportivo Direito de Lisboa"}, {"lien": "http://dbpedia.org/resource/Grupo_Dram\u00e1tico_e_Sportivo_Cascais", "RugbyClub": "Grupo Dram\u00e1tico e Sportivo Cascais"}, {"lien": "http://dbpedia.org/resource/LA_Rugby_Club", "RugbyClub": "Los Angeles Rugby"}, {"lien": "http://dbpedia.org/resource/Las_Vegas_Blackjacks_RFC", "RugbyClub": "Las Vegas Blackjacks RFC"}, {"lien": "http://dbpedia.org/resource/New_Caledonia_national_rugby_union_team", "RugbyClub": "\u00c9quipe de Nouvelle-Cal\u00e9donie de rugby \u00e0 XV"}, {"lien": "http://dbpedia.org/resource/New_Zealand_national_under-20_rugby_union_team", "RugbyClub": "\u00c9quipe de Nouvelle-Z\u00e9lande de rugby \u00e0 XV des moins de 20 ans"}, {"lien": "http://dbpedia.org/resource/Otomedius", "RugbyClub": "Otomedius"}, {"lien": "http://dbpedia.org/resource/University_College_Cork_R.F.C.", "RugbyClub": "University College Cork RFC"}, {"lien": "http://dbpedia.org/resource/Namibia_national_rugby_union_team", "RugbyClub": "\u00c9quipe de Namibie de rugby \u00e0 XV"}, {"lien": "http://dbpedia.org/resource/Bulgaria_national_rugby_union_team", "RugbyClub": "\u00c9quipe de Bulgarie de rugby \u00e0 XV"}, {"lien": "http://dbpedia.org/resource/Hungary_national_rugby_union_team", "RugbyClub": "\u00c9quipe de Hongrie de rugby \u00e0 XV"}, {"lien": "http://dbpedia.org/resource/Israel_national_rugby_union_team", "RugbyClub": "\u00c9quipe d'Isra\u00ebl de rugby \u00e0 XV"}, {"lien": "http://dbpedia.org/resource/Latvia_national_rugby_union_team", "RugbyClub": "\u00c9quipe de Lettonie de rugby \u00e0 XV"}, {"lien": "http://dbpedia.org/resource/Moldova_national_rugby_union_team", "RugbyClub": "\u00c9quipe de Moldavie de rugby \u00e0 XV"}, {"lien": "http://dbpedia.org/resource/Old_Blue_R.F.C.", "RugbyClub": "Old Blue RFC"}, {"lien": "http://dbpedia.org/resource/Poland_national_rugby_union_team", "RugbyClub": "\u00c9quipe de Pologne de rugby \u00e0 XV"}, {"lien": "http://dbpedia.org/resource/SC_Albi", "RugbyClub": "Sporting club albigeois"}, {"lien": "http://dbpedia.org/resource/Slovenia_national_rugby_union_team", "RugbyClub": "\u00c9quipe de Slov\u00e9nie de rugby \u00e0 XV"}, {"lien": "http://dbpedia.org/resource/UL_Bohemians_R.F.C.", "RugbyClub": "UL Bohemian RFC"}, {"lien": "http://dbpedia.org/resource/World_XV", "RugbyClub": "XV mondial"}, {"lien": "http://dbpedia.org/resource/Spain_national_roller_hockey_team", "RugbyClub": "\u00c9quipe d'Espagne de rink hockey"}, {"lien": "http://dbpedia.org/resource/Bulgaria_national_basketball_team", "RugbyClub": "\u00c9quipe de Bulgarie de basket-ball"}, {"lien": "http://dbpedia.org/resource/Czechoslovakia_national_basketball_team", "RugbyClub": "\u00c9quipe de Tch\u00e9coslovaquie de basket-ball"}, {"lien": "http://dbpedia.org/resource/DRC_Hannover", "RugbyClub": "Deutscher Rugby Club Hannover"}, {"lien": "http://dbpedia.org/resource/Germany_national_rugby_sevens_team", "RugbyClub": "\u00c9quipe d'Allemagne de rugby \u00e0 sept"}, {"lien": "http://dbpedia.org/resource/Heidelberger_RK", "RugbyClub": "Heidelberger Ruderklub 1872 e.V."}, {"lien": "http://dbpedia.org/resource/Juvenia_Krak\u00f3w", "RugbyClub": "Juvenia Cracovie"}, {"lien": "http://dbpedia.org/resource/RK_03_Berlin", "RugbyClub": "Rugby Klub 03 Berlin"}, {"lien": "http://dbpedia.org/resource/RK_Heusenstamm", "RugbyClub": "RK Heusenstamm"}, {"lien": "http://dbpedia.org/resource/SV_08_Ricklingen", "RugbyClub": "SV 08 Ricklingen"}, {"lien": "http://dbpedia.org/resource/TSV_Handschuhsheim", "RugbyClub": "TSV Handschuhsheim"}, {"lien": "http://dbpedia.org/resource/Ireland_national_under-20_rugby_union_team", "RugbyClub": "\u00c9quipe d'Irlande de rugby \u00e0 XV des moins de 20 ans"}, {"lien": "http://dbpedia.org/resource/Rugby_Club_d'Arras", "RugbyClub": "Rugby club d'Arras"}, {"lien": "http://dbpedia.org/resource/Australia_national_under-20_rugby_union_team", "RugbyClub": "\u00c9quipe d'Australie de rugby \u00e0 XV des moins de 20 ans"}, {"lien": "http://dbpedia.org/resource/Ecuador_national_rugby_union_team", "RugbyClub": "\u00c9quipe d'\u00c9quateur de rugby \u00e0 XV"}, {"lien": "http://dbpedia.org/resource/South_Africa_national_under-20_rugby_union_team", "RugbyClub": "\u00c9quipe d'Afrique du Sud de rugby \u00e0 XV des moins de 20 ans"}, {"lien": "http://dbpedia.org/resource/Abu_Dhabi_Harlequins", "RugbyClub": "Abu Dhabi Harlequins"}, {"lien": "http://dbpedia.org/resource/Rugby_Club_Cannes_Mandelieu", "RugbyClub": "Rugby club Cannes Mandelieu"}, {"lien": "http://dbpedia.org/resource/Stade_Dijonnais_C\u00f4te_D'Or", "RugbyClub": "Stade dijonnais C\u00f4te d'Or"}, {"lien": "http://dbpedia.org/resource/ASM_Clermont_Auvergne", "RugbyClub": "ASM Clermont Auvergne"}, {"lien": "http://dbpedia.org/resource/Aberdeen_GSFP_RFC", "RugbyClub": "Aberdeen GSFP RFC"}, {"lien": "http://dbpedia.org/resource/Base_(geometry)", "RugbyClub": "Base (g\u00e9om\u00e9trie)"}, {"lien": "http://dbpedia.org/resource/Bath_Rugby", "RugbyClub": "Bath Rugby"}, {"lien": "http://dbpedia.org/resource/Bedford_Blues", "RugbyClub": "Bedford Blues"}, {"lien": "http://dbpedia.org/resource/Belmont_Shore_RFC", "RugbyClub": "Belmont Shore Rugby Club"}, {"lien": "http://dbpedia.org/resource/Central_Coast_Waves", "RugbyClub": "Central Coast Waves"}, {"lien": "http://dbpedia.org/resource/Cornish_Pirates", "RugbyClub": "Cornish Pirates"}, {"lien": "http://dbpedia.org/resource/Crusaders_(rugby_union)", "RugbyClub": "Crusaders"}, {"lien": "http://dbpedia.org/resource/Dundee_HSFP", "RugbyClub": "Dundee HSFP"}, {"lien": "http://dbpedia.org/resource/Eastern_Province_Kings", "RugbyClub": "Eastern Province Kings"}, {"lien": "http://dbpedia.org/resource/FC_Barcelona_Rugby", "RugbyClub": "FC Barcelone (rugby \u00e0 XV)"}, {"lien": "http://dbpedia.org/resource/GPS_Rugby", "RugbyClub": "GPS Rugby"}, {"lien": "http://dbpedia.org/resource/Galway_Corinthians_RFC", "RugbyClub": "Galway Corinthians RFC"}, {"lien": "http://dbpedia.org/resource/Glasgow_Warriors", "RugbyClub": "Glasgow Warriors"}, {"lien": "http://dbpedia.org/resource/Gloucester_Rugby", "RugbyClub": "Gloucester Rugby Football Club"}, {"lien": "http://dbpedia.org/resource/Harlequin_F.C.", "RugbyClub": "Harlequins"}, {"lien": "http://dbpedia.org/resource/London_Welsh_RFC", "RugbyClub": "London Welsh RFC"}, {"lien": "http://dbpedia.org/resource/Melbourne_Rising", "RugbyClub": "Melbourne Rising"}, {"lien": "http://dbpedia.org/resource/Melrose_RFC", "RugbyClub": "Melrose RFC"}, {"lien": "http://dbpedia.org/resource/Munster_Rugby", "RugbyClub": "Munster Rugby"}, {"lien": "http://dbpedia.org/resource/Newport_Gwent_Dragons", "RugbyClub": "Newport Gwent Dragons"}, {"lien": "http://dbpedia.org/resource/Newport_RFC", "RugbyClub": "Newport RFC"}, {"lien": "http://dbpedia.org/resource/Page_(paper)", "RugbyClub": "Page (livre)"}, {"lien": "http://dbpedia.org/resource/Penrith_Emus_Rugby", "RugbyClub": "Penrith Emus Rugby"}, {"lien": "http://dbpedia.org/resource/Pittsburgh_Harlequins", "RugbyClub": "Pittsburgh Harlequins"}, {"lien": "http://dbpedia.org/resource/Plymouth_Albion_R.F.C.", "RugbyClub": "Plymouth Albion Rugby Football Club"}, {"lien": "http://dbpedia.org/resource/Rugby_Lions", "RugbyClub": "Rugby Lions"}, {"lien": "http://dbpedia.org/resource/Rugby_Roma_Olimpic", "RugbyClub": "Rugby Rome"}, {"lien": "http://dbpedia.org/resource/San_Isidro_Club", "RugbyClub": "San Isidro Club"}, {"lien": "http://dbpedia.org/resource/Southern_Kings", "RugbyClub": "Southern Kings"}, {"lien": "http://dbpedia.org/resource/Stade_Fran\u00e7ais", "RugbyClub": "Stade fran\u00e7ais Paris rugby"}, {"lien": "http://dbpedia.org/resource/Western_Force", "RugbyClub": "Western Force"}, {"lien": "http://dbpedia.org/resource/Yamaha_J\u00fabilo", "RugbyClub": "Yamaha J\u00fabilo"}, {"lien": "http://dbpedia.org/resource/Pontypridd_RFC", "RugbyClub": "Pontypridd RFC"}, {"lien": "http://dbpedia.org/resource/Wasps_RFC", "RugbyClub": "Wasps"}, {"lien": "http://dbpedia.org/resource/Golden_Lions", "RugbyClub": "Golden Lions"}, {"lien": "http://dbpedia.org/resource/Anett_Futatabi", "RugbyClub": "Annet Futatabi"}, {"lien": "http://dbpedia.org/resource/Clube_de_Rugby_de_Arcos_de_Valdevez", "RugbyClub": "Clube de Rugby de Arcos de Valdevez"}, {"lien": "http://dbpedia.org/resource/East_Germany_national_rugby_union_team", "RugbyClub": "\u00c9quipe d'Allemagne de l'Est de rugby \u00e0 XV"}, {"lien": "http://dbpedia.org/resource/Other_Nationalities_rugby_league_team", "RugbyClub": "Autres Nationalit\u00e9s"}, {"lien": "http://dbpedia.org/resource/England_national_under-20_rugby_union_team", "RugbyClub": "\u00c9quipe d'Angleterre de rugby \u00e0 XV des moins de 20 ans"}, {"lien": "http://dbpedia.org/resource/Italy_men's_national_roller_hockey_team", "RugbyClub": "\u00c9quipe d'Italie de rink hockey"}, {"lien": "http://dbpedia.org/resource/List_of_Scottish_Football_League_representative_players", "RugbyClub": "Liste des footballeurs s\u00e9lectionn\u00e9s en Scottish League XI"}, {"lien": "http://dbpedia.org/resource/Barbarian_F.C.", "RugbyClub": "Barbarians"}, {"lien": "http://dbpedia.org/resource/Blues_(Super_Rugby)", "RugbyClub": "Blues (rugby \u00e0 XV)"}, {"lien": "http://dbpedia.org/resource/Brumbies", "RugbyClub": "Brumbies"}, {"lien": "http://dbpedia.org/resource/Highlanders_(rugby_union)", "RugbyClub": "Highlanders"}, {"lien": "http://dbpedia.org/resource/London_Irish", "RugbyClub": "London Irish"}, {"lien": "http://dbpedia.org/resource/Newcastle_Falcons", "RugbyClub": "Newcastle Falcons"}, {"lien": "http://dbpedia.org/resource/Queensland_Reds", "RugbyClub": "Queensland Reds"}, {"lien": "http://dbpedia.org/resource/Saracens_F.C.", "RugbyClub": "Saracens"}, {"lien": "http://dbpedia.org/resource/Yorkshire_Carnegie", "RugbyClub": "Yorkshire Carnegie"}, {"lien": "http://dbpedia.org/resource/Border_Reivers_(rugby)", "RugbyClub": "Border Reivers"}, {"lien": "http://dbpedia.org/resource/Connacht_Rugby", "RugbyClub": "Connacht Rugby"}, {"lien": "http://dbpedia.org/resource/Edinburgh_Rugby", "RugbyClub": "\u00c9dimbourg Rugby"}, {"lien": "http://dbpedia.org/resource/England_national_rugby_league_team", "RugbyClub": "\u00c9quipe d'Angleterre de rugby \u00e0 XIII"}, {"lien": "http://dbpedia.org/resource/Fiji_national_rugby_union_team", "RugbyClub": "\u00c9quipe des Fidji de rugby \u00e0 XV"}, {"lien": "http://dbpedia.org/resource/Leinster_Rugby", "RugbyClub": "Leinster Rugby"}, {"lien": "http://dbpedia.org/resource/Papua_New_Guinea_national_rugby_league_team", "RugbyClub": "\u00c9quipe de Papouasie-Nouvelle-Guin\u00e9e de rugby \u00e0 XIII"}, {"lien": "http://dbpedia.org/resource/Rotherham_R.U.F.C.", "RugbyClub": "Rotherham RUFC"}, {"lien": "http://dbpedia.org/resource/Russia_national_rugby_league_team", "RugbyClub": "\u00c9quipe de Russie de rugby \u00e0 XIII"}, {"lien": "http://dbpedia.org/resource/Samoa_national_rugby_union_team", "RugbyClub": "\u00c9quipe des Samoa de rugby \u00e0 XV"}, {"lien": "http://dbpedia.org/resource/Ulster_Rugby", "RugbyClub": "Ulster Rugby"}, {"lien": "http://dbpedia.org/resource/United_States_national_rugby_league_team", "RugbyClub": "\u00c9quipe des \u00c9tats-Unis de rugby \u00e0 XIII"}, {"lien": "http://dbpedia.org/resource/Wales_national_rugby_league_team", "RugbyClub": "\u00c9quipe du pays de Galles de rugby \u00e0 XIII"}, {"lien": "http://dbpedia.org/resource/Amatori_Catania", "RugbyClub": "Amatori Catane"}, {"lien": "http://dbpedia.org/resource/Australia_national_rugby_league_team", "RugbyClub": "\u00c9quipe d'Australie de rugby \u00e0 XIII"}, {"lien": "http://dbpedia.org/resource/Bedwas_RFC", "RugbyClub": "Bedwas RFC"}, {"lien": "http://dbpedia.org/resource/Benetton_Rugby_Treviso", "RugbyClub": "Benetton Rugby Tr\u00e9vise"}, {"lien": "http://dbpedia.org/resource/Blackheath_F.C.", "RugbyClub": "Blackheath RC"}, {"lien": "http://dbpedia.org/resource/CA_Brive", "RugbyClub": "Club athl\u00e9tique Brive Corr\u00e8ze Limousin"}, {"lien": "http://dbpedia.org/resource/Cardiff_Blues", "RugbyClub": "Cardiff Blues"}, {"lien": "http://dbpedia.org/resource/Cheetahs_(rugby_union)", "RugbyClub": "Cheetahs"}, {"lien": "http://dbpedia.org/resource/Club_Atl\u00e9tico_Banco_de_la_Naci\u00f3n_Argentina", "RugbyClub": "Club Atl\u00e9tico Banco de la Naci\u00f3n Argentina"}, {"lien": "http://dbpedia.org/resource/Coca-Cola_Red_Sparks", "RugbyClub": "Coca Cola Red Sparks"}, {"lien": "http://dbpedia.org/resource/Coventry_R.F.C.", "RugbyClub": "Coventry RFC"}, {"lien": "http://dbpedia.org/resource/Great_Britain_national_rugby_league_team", "RugbyClub": "\u00c9quipe de Grande-Bretagne de rugby \u00e0 XIII"}, {"lien": "http://dbpedia.org/resource/Honda_Heat", "RugbyClub": "Honda Heat"}, {"lien": "http://dbpedia.org/resource/India_national_rugby_union_team", "RugbyClub": "\u00c9quipe d'Inde de rugby \u00e0 XV"}, {"lien": "http://dbpedia.org/resource/Kintetsu_Liners", "RugbyClub": "Kintetsu Liners"}, {"lien": "http://dbpedia.org/resource/Kubota_Spears", "RugbyClub": "Kubota Spears"}, {"lien": "http://dbpedia.org/resource/L'Aquila_Rugby", "RugbyClub": "L'Aquila Rugby"}, {"lien": "http://dbpedia.org/resource/Lions_(Super_Rugby)", "RugbyClub": "Lions (rugby \u00e0 XV)"}, {"lien": "http://dbpedia.org/resource/London_Scottish_F.C.", "RugbyClub": "London Scottish Football Club"}, {"lien": "http://dbpedia.org/resource/Monaco_national_football_team", "RugbyClub": "\u00c9quipe de Monaco de football"}, {"lien": "http://dbpedia.org/resource/Munakata_Sanix_Blues", "RugbyClub": "Munakata Sanix Blues"}, {"lien": "http://dbpedia.org/resource/Neath_RFC", "RugbyClub": "Neath RFC"}, {"lien": "http://dbpedia.org/resource/New_South_Wales_Waratahs", "RugbyClub": "Waratahs"}, {"lien": "http://dbpedia.org/resource/New_Zealand_national_rugby_league_team", "RugbyClub": "\u00c9quipe de Nouvelle-Z\u00e9lande de rugby \u00e0 XIII"}, {"lien": "http://dbpedia.org/resource/North_Harbour_Rugby_Union", "RugbyClub": "North Harbour Rugby Union"}, {"lien": "http://dbpedia.org/resource/Ospreys_(rugby_team)", "RugbyClub": "Ospreys"}, {"lien": "http://dbpedia.org/resource/Panasonic_Wild_Knights", "RugbyClub": "Panasonic Wild Knights"}, {"lien": "http://dbpedia.org/resource/Petrarca_Rugby", "RugbyClub": "Petrarca Rugby Padoue"}, {"lien": "http://dbpedia.org/resource/Queensland_cricket_team", "RugbyClub": "\u00c9quipe du Queensland de cricket"}, {"lien": "http://dbpedia.org/resource/Ricoh_Black_Rams", "RugbyClub": "Ricoh Black Rams"}, {"lien": "http://dbpedia.org/resource/Rugby_Calvisano", "RugbyClub": "Rugby Calvisano"}, {"lien": "http://dbpedia.org/resource/Rugby_Football_League", "RugbyClub": "Rugby Football League"}, {"lien": "http://dbpedia.org/resource/Rugby_Rovigo_Delta", "RugbyClub": "Rugby Rovigo"}, {"lien": "http://dbpedia.org/resource/Rugby_Viadana", "RugbyClub": "Rugby Viadana"}, {"lien": "http://dbpedia.org/resource/Scarlets", "RugbyClub": "Llanelli Scarlets"}, {"lien": "http://dbpedia.org/resource/Sharks_(rugby_union)", "RugbyClub": "Sharks (rugby \u00e0 XV)"}, {"lien": "http://dbpedia.org/resource/Southland_Rugby_Football_Union", "RugbyClub": "Southland Rugby Football Union"}, {"lien": "http://dbpedia.org/resource/Stormers", "RugbyClub": "Stormers"}, {"lien": "http://dbpedia.org/resource/Suntory_Sungoliath", "RugbyClub": "Suntory Sungoliath"}, {"lien": "http://dbpedia.org/resource/Toshiba_Brave_Lupus", "RugbyClub": "Toshiba Brave Lupus"}, {"lien": "http://dbpedia.org/resource/Viewtiful_Joe", "RugbyClub": "Viewtiful Joe"}, {"lien": "http://dbpedia.org/resource/Worcester_Warriors", "RugbyClub": "Worcester Warriors"}, {"lien": "http://dbpedia.org/resource/Broadside", "RugbyClub": "Bord\u00e9e"}, {"lien": "http://dbpedia.org/resource/Hypotenuse", "RugbyClub": "Hypot\u00e9nuse"}, {"lien": "http://dbpedia.org/resource/Jamaica_women's_national_basketball_team", "RugbyClub": "\u00c9quipe de Jama\u00efque de basket-ball f\u00e9minin"}, {"lien": "http://dbpedia.org/resource/ROC_La_Voulte-Valence", "RugbyClub": "Rh\u00f4ne ovalie club La Voulte-Valence"}, {"lien": "http://dbpedia.org/resource/Rugby_Club_Vannes", "RugbyClub": "Rugby club vannetais"}, {"lien": "http://dbpedia.org/resource/Stade_Olympique_Chamb\u00e9rien_Rugby", "RugbyClub": "Stade olympique chamb\u00e9rien rugby"}, {"lien": "http://dbpedia.org/resource/Colombia_women's_national_rugby_sevens_team", "RugbyClub": "\u00c9quipe de Colombie de rugby \u00e0 sept f\u00e9minin"}, {"lien": "http://dbpedia.org/resource/Soyaux_Angoul\u00eame_XV_Charente", "RugbyClub": "Soyaux Angoul\u00eame XV Charente"}, {"lien": "http://dbpedia.org/resource/Welwitschias", "RugbyClub": "Namibia Welwitschias"}, {"lien": "http://dbpedia.org/resource/CSM_Bucure\u0219ti_(rugby)", "RugbyClub": "CSM Bucarest"}, {"lien": "http://dbpedia.org/resource/M\u0101ori_All_Blacks", "RugbyClub": "\u00c9quipe des M\u0101ori de Nouvelle-Z\u00e9lande de rugby \u00e0 XV"}, {"lien": "http://dbpedia.org/resource/Stade_Toulousain", "RugbyClub": "Stade toulousain"}, {"lien": "http://dbpedia.org/resource/Romania_national_rugby_union_team", "RugbyClub": "\u00c9quipe de Roumanie de rugby \u00e0 XV"}, {"lien": "http://dbpedia.org/resource/Armenia_national_rugby_union_team", "RugbyClub": "\u00c9quipe d'Arm\u00e9nie de rugby \u00e0 XV"}, {"lien": "http://dbpedia.org/resource/Boroughmuir_RFC", "RugbyClub": "Boroughmuir RFC"}, {"lien": "http://dbpedia.org/resource/Caerphilly_RFC", "RugbyClub": "Caerphilly RFC"}, {"lien": "http://dbpedia.org/resource/England_national_rugby_sevens_team", "RugbyClub": "\u00c9quipe d'Angleterre de rugby \u00e0 sept"}, {"lien": "http://dbpedia.org/resource/Jocko_Homo", "RugbyClub": "Jocko Homo"}, {"lien": "http://dbpedia.org/resource/New_South_Wales_rugby_league_team", "RugbyClub": "\u00c9quipe de Nouvelle-Galles du Sud de rugby \u00e0 XIII"}, {"lien": "http://dbpedia.org/resource/Peru_national_rugby_union_team", "RugbyClub": "\u00c9quipe du P\u00e9rou de rugby \u00e0 XV"}, {"lien": "http://dbpedia.org/resource/Stewart's_Melville_RFC", "RugbyClub": "Stewart's Melville FP"}, {"lien": "http://dbpedia.org/resource/Terenure_College_RFC", "RugbyClub": "Terenure College RFC"}, {"lien": "http://dbpedia.org/resource/Australia_national_rugby_sevens_team", "RugbyClub": "\u00c9quipe d'Australie de rugby \u00e0 sept"}, {"lien": "http://dbpedia.org/resource/Gargoyle's_Quest", "RugbyClub": "Gargoyle's Quest"}, {"lien": "http://dbpedia.org/resource/Jamaica_national_rugby_league_team", "RugbyClub": "\u00c9quipe de Jama\u00efque de rugby \u00e0 XIII"}, {"lien": "http://dbpedia.org/resource/New_Zealand_women's_national_rugby_union_team", "RugbyClub": "\u00c9quipe de Nouvelle-Z\u00e9lande de rugby \u00e0 XV f\u00e9minin"}, {"lien": "http://dbpedia.org/resource/Niagara_Lightning", "RugbyClub": "Niagara Thunder"}, {"lien": "http://dbpedia.org/resource/Norway_national_rugby_union_team", "RugbyClub": "\u00c9quipe de Norv\u00e8ge de rugby \u00e0 XV"}, {"lien": "http://dbpedia.org/resource/Real_Emotion/1000_no_Kotoba", "RugbyClub": "Real Emotion/1000 no Kotoba"}, {"lien": "http://dbpedia.org/resource/Scotland_national_rugby_sevens_team", "RugbyClub": "\u00c9quipe d'\u00c9cosse de rugby \u00e0 sept"}, {"lien": "http://dbpedia.org/resource/Wakefield_RFC", "RugbyClub": "Wakefield RFC"}, {"lien": "http://dbpedia.org/resource/Blackrock_College_RFC", "RugbyClub": "Blackrock College RFC"}, {"lien": "http://dbpedia.org/resource/Cartha_Queens_Park_RFC", "RugbyClub": "Cartha Queens Park RFC"}, {"lien": "http://dbpedia.org/resource/Cork_Constitution", "RugbyClub": "Cork Constitution RFC"}, {"lien": "http://dbpedia.org/resource/Eastwood_Rugby_Club", "RugbyClub": "Eastwood Rugby Club"}, {"lien": "http://dbpedia.org/resource/Greece_national_rugby_union_team", "RugbyClub": "\u00c9quipe de Gr\u00e8ce de rugby \u00e0 XV"}, {"lien": "http://dbpedia.org/resource/Hamilton_RFC", "RugbyClub": "Hamilton RFC"}, {"lien": "http://dbpedia.org/resource/Jed-Forest_RFC", "RugbyClub": "Jed-Forest RFC"}, {"lien": "http://dbpedia.org/resource/Old_Wesley_R.F.C.", "RugbyClub": "Old Wesley RFC"}, {"lien": "http://dbpedia.org/resource/Wales_national_rugby_sevens_team", "RugbyClub": "\u00c9quipe du pays de Galles de rugby \u00e0 sept"}, {"lien": "http://dbpedia.org/resource/Ballymena_R.F.C.", "RugbyClub": "Ballymena RFC"}, {"lien": "http://dbpedia.org/resource/Canada_national_rugby_sevens_team", "RugbyClub": "\u00c9quipe du Canada de rugby \u00e0 sept"}, {"lien": "http://dbpedia.org/resource/Clonakilty_RFC", "RugbyClub": "Clonakilty RFC"}, {"lien": "http://dbpedia.org/resource/Midleton_RFC", "RugbyClub": "Midleton RFC"}, {"lien": "http://dbpedia.org/resource/Sydney_Stars", "RugbyClub": "Sydney Stars"}, {"lien": "http://dbpedia.org/resource/American_Samoa_national_rugby_union_team", "RugbyClub": "\u00c9quipe des Samoa am\u00e9ricaines de rugby \u00e0 XV"}, {"lien": "http://dbpedia.org/resource/Azerbaijan_national_rugby_union_team", "RugbyClub": "\u00c9quipe d'Azerba\u00efdjan de rugby \u00e0 XV"}, {"lien": "http://dbpedia.org/resource/Brunei_national_rugby_union_team", "RugbyClub": "\u00c9quipe de Brunei de rugby \u00e0 XV"}, {"lien": "http://dbpedia.org/resource/CA_P\u00e9rigueux", "RugbyClub": "Club athl\u00e9tique P\u00e9rigueux Dordogne"}, {"lien": "http://dbpedia.org/resource/Cambodia_national_rugby_union_team", "RugbyClub": "\u00c9quipe du Cambodge de rugby \u00e0 XV"}, {"lien": "http://dbpedia.org/resource/Costa_Rica_national_rugby_union_team", "RugbyClub": "\u00c9quipe du Costa Rica de rugby \u00e0 XV"}, {"lien": "http://dbpedia.org/resource/County_Carlow_Football_Club", "RugbyClub": "County Carlow RFC"}, {"lien": "http://dbpedia.org/resource/Cyprus_national_rugby_union_team", "RugbyClub": "\u00c9quipe de Chypre de rugby \u00e0 XV"}, {"lien": "http://dbpedia.org/resource/Dungannon_RFC", "RugbyClub": "Dungannon RFC"}, {"lien": "http://dbpedia.org/resource/Fiji_Warriors", "RugbyClub": "Fiji Warriors"}, {"lien": "http://dbpedia.org/resource/MU_Barnhall_RFC", "RugbyClub": "Barnhall RFC"}, {"lien": "http://dbpedia.org/resource/Mauritius_national_rugby_union_team", "RugbyClub": "\u00c9quipe de Maurice de rugby \u00e0 XV"}, {"lien": "http://dbpedia.org/resource/Mongolia_national_rugby_union_team", "RugbyClub": "\u00c9quipe de Mongolie de rugby \u00e0 XV"}, {"lien": "http://dbpedia.org/resource/Mosman_Rugby_Club", "RugbyClub": "Mosman Rugby Club"}, {"lien": "http://dbpedia.org/resource/Portugal_national_rugby_sevens_team", "RugbyClub": "\u00c9quipe du Portugal de rugby \u00e0 sept"}, {"lien": "http://dbpedia.org/resource/Russia_national_rugby_sevens_team", "RugbyClub": "\u00c9quipe de Russie de rugby \u00e0 sept"}, {"lien": "http://dbpedia.org/resource/Tanzania_national_rugby_union_team", "RugbyClub": "\u00c9quipe de Tanzanie de rugby \u00e0 XV"}, {"lien": "http://dbpedia.org/resource/US_Carcassonne", "RugbyClub": "Union sportive carcassonnaise XV"}, {"lien": "http://dbpedia.org/resource/Valence_Sportif", "RugbyClub": "Valence sportif"}, {"lien": "http://dbpedia.org/resource/Ballynahinch_RFC", "RugbyClub": "Ballynahinch RFC"}, {"lien": "http://dbpedia.org/resource/Centro_Desportivo_Universit\u00e1rio_de_Lisboa", "RugbyClub": "Centro Desportivo Universitario Lisboa"}, {"lien": "http://dbpedia.org/resource/Centro_Desportivo_Universit\u00e1rio_do_Porto", "RugbyClub": "Centro Desportivo Universit\u00e1rio do Porto"}, {"lien": "http://dbpedia.org/resource/Soviet_Union_national_basketball_team", "RugbyClub": "\u00c9quipe d'URSS de basket-ball"}, {"lien": "http://dbpedia.org/resource/England_women's_national_rugby_sevens_team", "RugbyClub": "\u00c9quipe d'Angleterre de rugby \u00e0 sept f\u00e9minin"}, {"lien": "http://dbpedia.org/resource/Glendale_Raptors", "RugbyClub": "Glendale Raptors"}, {"lien": "http://dbpedia.org/resource/Argentina_national_roller_hockey_team", "RugbyClub": "\u00c9quipe d'Argentine de rink hockey"}, {"lien": "http://dbpedia.org/resource/Scottish_Football_League_XI", "RugbyClub": "Scottish Football League XI"}, {"lien": "http://dbpedia.org/resource/Great_Britain_national_rugby_sevens_team", "RugbyClub": "\u00c9quipe de Grande-Bretagne de rugby \u00e0 sept"}, {"lien": "http://dbpedia.org/resource/Great_Britain_women's_national_rugby_sevens_team", "RugbyClub": "\u00c9quipe de Grande-Bretagne de rugby \u00e0 sept f\u00e9minin"}, {"lien": "http://dbpedia.org/resource/Brothers_Old_Boys", "RugbyClub": "Brothers Old Boys"}, {"lien": "http://dbpedia.org/resource/Randwick_DRUFC", "RugbyClub": "Randwick District Rugby Union Football Club"}, {"lien": "http://dbpedia.org/resource/Toyota_Industries_Shuttles", "RugbyClub": "Toyota Industries Shuttles"}, {"lien": "http://dbpedia.org/resource/Toyota_Verblitz", "RugbyClub": "Toyota Verblitz"}, {"lien": "http://dbpedia.org/resource/Club_Atl\u00e9tico_San_Isidro", "RugbyClub": "Club Atl\u00e9tico San Isidro"}, {"lien": "http://dbpedia.org/resource/Falcons_(rugby_team)", "RugbyClub": "Falcons (rugby \u00e0 XV)"}, {"lien": "http://dbpedia.org/resource/Gala_RFC", "RugbyClub": "Gala RFC"}, {"lien": "http://dbpedia.org/resource/Kobe_Steel_Kobelco_Steelers", "RugbyClub": "Kobe Steel Kobelco Steelers"}, {"lien": "http://dbpedia.org/resource/Paris_Universit\u00e9_Club_(rugby_union)", "RugbyClub": "Paris universit\u00e9 club (rugby \u00e0 XV)"}, {"lien": "http://dbpedia.org/resource/RC_Toulonnais", "RugbyClub": "Rugby club toulonnais"}, {"lien": "http://dbpedia.org/resource/Sale_Sharks", "RugbyClub": "Sale Sharks"}, {"lien": "http://dbpedia.org/resource/Western_Province_(rugby_team)", "RugbyClub": "Western Province (rugby \u00e0 XV)"}, {"lien": "http://dbpedia.org/resource/American_Samoa_national_basketball_team", "RugbyClub": "\u00c9quipe des Samoa am\u00e9ricaines de basket-ball"}, {"lien": "http://dbpedia.org/resource/Asociaci\u00f3n_Deportiva_Francesa", "RugbyClub": "Asociaci\u00f3n Deportiva Francesa"}, {"lien": "http://dbpedia.org/resource/Australia_national_roller_hockey_team", "RugbyClub": "\u00c9quipe d'Australie de rink hockey"}, {"lien": "http://dbpedia.org/resource/Austria_national_roller_hockey_team", "RugbyClub": "\u00c9quipe d'Autriche de rink hockey"}, {"lien": "http://dbpedia.org/resource/Counties_Manukau_Rugby_Football_Union", "RugbyClub": "Counties Manukau Rugby Union"}, {"lien": "http://dbpedia.org/resource/England_national_roller_hockey_team", "RugbyClub": "\u00c9quipe d'Angleterre de rink hockey"}, {"lien": "http://dbpedia.org/resource/France_national_roller_hockey_team", "RugbyClub": "\u00c9quipe de France de rink hockey"}, {"lien": "http://dbpedia.org/resource/Germany_national_roller_hockey_team", "RugbyClub": "\u00c9quipe d'Allemagne de rink hockey"}, {"lien": "http://dbpedia.org/resource/Gunlord", "RugbyClub": "GunLord"}, {"lien": "http://dbpedia.org/resource/Japan_national_roller_hockey_team", "RugbyClub": "\u00c9quipe du Japon de rink hockey"}, {"lien": "http://dbpedia.org/resource/Mogliano_Rugby", "RugbyClub": "Mogliano Rugby SSD"}, {"lien": "http://dbpedia.org/resource/NTT_Shining_Arcs", "RugbyClub": "NTT Shining Arcs"}, {"lien": "http://dbpedia.org/resource/Netherlands_national_roller_hockey_team", "RugbyClub": "\u00c9quipe des Pays-Bas de rink hockey"}, {"lien": "http://dbpedia.org/resource/New_Zealand_national_roller_hockey_team", "RugbyClub": "\u00c9quipe de Nouvelle-Z\u00e9lande de rink hockey"}, {"lien": "http://dbpedia.org/resource/Nyon_Rugby_Club", "RugbyClub": "Nyon rugby club"}, {"lien": "http://dbpedia.org/resource/Pampas_XV", "RugbyClub": "Pampas XV"}, {"lien": "http://dbpedia.org/resource/R.S.C._Anderlecht_Rugby", "RugbyClub": "RSCA-Rugby"}, {"lien": "http://dbpedia.org/resource/S.S._Lazio_Rugby_1927", "RugbyClub": "Polisportiva SS Lazio Rugby 1927"}, {"lien": "http://dbpedia.org/resource/TV_Pforzheim", "RugbyClub": "TV Pforzheim"}, {"lien": "http://dbpedia.org/resource/Vigo_RC", "RugbyClub": "Vigo Rugby Club"}, {"lien": "http://dbpedia.org/resource/FC_St._Pauli_Rugby", "RugbyClub": "FC Sankt Pauli Rugby"}, {"lien": "http://dbpedia.org/resource/USV_Potsdam_Rugby", "RugbyClub": "USV Potsdam Rugby"}, {"lien": "http://dbpedia.org/resource/ASV_K\u00f6ln_Rugby", "RugbyClub": "ASV K\u00f6ln Rugby"}, {"lien": "http://dbpedia.org/resource/Aitai_Riy\u016b/Dream_After_Dream_(Yume_Kara_Sameta_Yume)", "RugbyClub": "Aitai Riyuu / Dream After Dream ~Yume Kara Sameta Yume~"}, {"lien": "http://dbpedia.org/resource/Berliner_SV_92_Rugby", "RugbyClub": "Berliner SV 92"}, {"lien": "http://dbpedia.org/resource/RC_Leipzig", "RugbyClub": "RC Leipzig"}, {"lien": "http://dbpedia.org/resource/Bosnia_and_Herzegovina_women's_national_rugby_union_team", "RugbyClub": "\u00c9quipe de Bosnie-Herz\u00e9govine de rugby \u00e0 XV f\u00e9minin"}, {"lien": "http://dbpedia.org/resource/Cayman_Islands_national_rugby_union_team", "RugbyClub": "\u00c9quipe des \u00eeles Ca\u00efmans de rugby \u00e0 XV"}, {"lien": "http://dbpedia.org/resource/China_national_rugby_union_team", "RugbyClub": "\u00c9quipe de Chine de rugby \u00e0 XV"}, {"lien": "http://dbpedia.org/resource/Jamaica_national_rugby_union_team", "RugbyClub": "\u00c9quipe de Jama\u00efque de rugby \u00e0 XV"}, {"lien": "http://dbpedia.org/resource/Nigeria_national_rugby_union_team", "RugbyClub": "\u00c9quipe du Nigeria de rugby \u00e0 XV"}, {"lien": "http://dbpedia.org/resource/Serbia_national_rugby_union_team", "RugbyClub": "\u00c9quipe de Serbie de rugby \u00e0 XV"}, {"lien": "http://dbpedia.org/resource/Sri_Lanka_national_rugby_union_team", "RugbyClub": "\u00c9quipe du Sri Lanka de rugby \u00e0 XV"}, {"lien": "http://dbpedia.org/resource/Unione_Rugby_Capitolina", "RugbyClub": "Unione Rugby Capitolina"}, {"lien": "http://dbpedia.org/resource/Bera_Bera_RT", "RugbyClub": "Bera Bera Rugby"}, {"lien": "http://dbpedia.org/resource/Bond_University_Rugby_Club", "RugbyClub": "Bond University Rugby Club"}, {"lien": "http://dbpedia.org/resource/Brisbane_City_(rugby_team)", "RugbyClub": "Brisbane City (rugby)"}, {"lien": "http://dbpedia.org/resource/CRC_Madrid", "RugbyClub": "Canoe Rugby Club Madrid"}, {"lien": "http://dbpedia.org/resource/CR_Cisneros", "RugbyClub": "Club de Rugby Complutense Cisneros"}, {"lien": "http://dbpedia.org/resource/CR_El_Salvador", "RugbyClub": "El Salvador Rugby"}, {"lien": "http://dbpedia.org/resource/CR_Liceo_Franc\u00e9s", "RugbyClub": "Club de Rugby Liceo Franc\u00e9s"}, {"lien": "http://dbpedia.org/resource/Cahors_Rugby", "RugbyClub": "Cahors rugby"}, {"lien": "http://dbpedia.org/resource/DSV_78_Hannover", "RugbyClub": "DSV 78 Hanovre"}, {"lien": "http://dbpedia.org/resource/Easts_Tigers_Rugby_Union", "RugbyClub": "Easts Tigers Rugby Union"}, {"lien": "http://dbpedia.org/resource/Ebbw_Vale_RFC", "RugbyClub": "Ebbw Vale RFC"}, {"lien": "http://dbpedia.org/resource/FC_Porto_(roller_hockey)", "RugbyClub": "FC Porto (rink hockey)"}, {"lien": "http://dbpedia.org/resource/Fiamme_Oro_Rugby", "RugbyClub": "Gruppo Sportivo Fiamme Oro Rugby"}, {"lien": "http://dbpedia.org/resource/Football_Club_Sportif_Rumilly", "RugbyClub": "Football club sportif Rumilly (rugby \u00e0 XV)"}, {"lien": "http://dbpedia.org/resource/Fraser_Valley_Venom", "RugbyClub": "Fraser Valley Venom"}, {"lien": "http://dbpedia.org/resource/Getxo_Artea_RT", "RugbyClub": "Getxo Artea Rugby Taldea"}, {"lien": "http://dbpedia.org/resource/Ghana_national_rugby_union_team", "RugbyClub": "\u00c9quipe du Ghana de rugby \u00e0 XV"}, {"lien": "http://dbpedia.org/resource/Japan_national_rugby_sevens_team", "RugbyClub": "\u00c9quipe du Japon de rugby \u00e0 sept"}, {"lien": "http://dbpedia.org/resource/Laos_national_rugby_union_team", "RugbyClub": "\u00c9quipe du Laos de rugby \u00e0 XV"}, {"lien": "http://dbpedia.org/resource/Llandovery_RFC", "RugbyClub": "Llandovery RFC"}, {"lien": "http://dbpedia.org/resource/Melbourne_Rebels", "RugbyClub": "Melbourne Rebels"}, {"lien": "http://dbpedia.org/resource/Mexico_national_rugby_union_team", "RugbyClub": "\u00c9quipe du Mexique de rugby \u00e0 XV"}, {"lien": "http://dbpedia.org/resource/Ordizia_RE", "RugbyClub": "Ordizia Rugby Elkartea"}, {"lien": "http://dbpedia.org/resource/Oxford_University_RFC", "RugbyClub": "Oxford University RFC"}, {"lien": "http://dbpedia.org/resource/Pakistan_national_rugby_union_team", "RugbyClub": "\u00c9quipe du Pakistan de rugby \u00e0 XV"}, {"lien": "http://dbpedia.org/resource/Perth_Spirit", "RugbyClub": "Perth Spirit"}, {"lien": "http://dbpedia.org/resource/Queensland_Country_(NRC_team)", "RugbyClub": "Queensland Country"}, {"lien": "http://dbpedia.org/resource/RC_N\u00eemes", "RugbyClub": "Rugby club n\u00eemois"}, {"lien": "http://dbpedia.org/resource/Rwanda_national_rugby_union_team", "RugbyClub": "\u00c9quipe du Rwanda de rugby \u00e0 XV"}, {"lien": "http://dbpedia.org/resource/Samoa_national_rugby_sevens_team", "RugbyClub": "\u00c9quipe des Samoa de rugby \u00e0 sept"}, {"lien": "http://dbpedia.org/resource/Slovakia_national_rugby_union_team", "RugbyClub": "\u00c9quipe de Slovaquie de rugby \u00e0 XV"}, {"lien": "http://dbpedia.org/resource/Solomon_Islands_national_rugby_union_team", "RugbyClub": "\u00c9quipe des Salomon de rugby \u00e0 XV"}, {"lien": "http://dbpedia.org/resource/Souths_Rugby", "RugbyClub": "Souths Rugby"}, {"lien": "http://dbpedia.org/resource/St_Mary's_College_RFC", "RugbyClub": "St. Mary's College RFC"}, {"lien": "http://dbpedia.org/resource/Switzerland_national_rugby_union_team", "RugbyClub": "\u00c9quipe de Suisse de rugby \u00e0 XV"}, {"lien": "http://dbpedia.org/resource/Sydney_Rays", "RugbyClub": "North Harbour Rays"}, {"lien": "http://dbpedia.org/resource/Toronto_Rebellion", "RugbyClub": "Toronto Rebellion"}, {"lien": "http://dbpedia.org/resource/UA_Gaillac", "RugbyClub": "Union athl\u00e9tique gaillacoise"}, {"lien": "http://dbpedia.org/resource/UE_Santboiana", "RugbyClub": "Uni\u00f3 Esportiva Santboiana"}, {"lien": "http://dbpedia.org/resource/US_Tours_Rugby", "RugbyClub": "Union sportive Tours rugby"}, {"lien": "http://dbpedia.org/resource/Union_Sportive_Tyrosse_Rugby_C\u00f4te_Sud", "RugbyClub": "Union sportive Tyrosse rugby C\u00f4te sud"}, {"lien": "http://dbpedia.org/resource/University_of_Queensland_Rugby_Club", "RugbyClub": "University of Queensland Rugby Club"}, {"lien": "http://dbpedia.org/resource/Valladolid_RAC", "RugbyClub": "Valladolid Rugby Asociaci\u00f3n Club"}, {"lien": "http://dbpedia.org/resource/Western_Sydney_Rams", "RugbyClub": "Greater Sydney Rams"}, {"lien": "http://dbpedia.org/resource/Wests_Rugby", "RugbyClub": "Wests Rugby"}, {"lien": "http://dbpedia.org/resource/Lelo_Saracens", "RugbyClub": "Lelo Saracens"}, {"lien": "http://dbpedia.org/resource/Seattle_Saracens", "RugbyClub": "Old Puget Sound Beach RFC"}, {"lien": "http://dbpedia.org/resource/Sydney_University_Football_Club", "RugbyClub": "Sydney University Football Club"}, {"lien": "http://dbpedia.org/resource/Timi\u0219oara_Saracens", "RugbyClub": "Timi\u0219oara Saracens"}, {"lien": "http://dbpedia.org/resource/VVA_Saracens", "RugbyClub": "VVA Podmoskovye"}, {"lien": "http://dbpedia.org/resource/Yo-yo_club", "RugbyClub": "\u00c9quipe ascenseur"}, {"lien": "http://dbpedia.org/resource/Crociati_Parma_Rugby_FC", "RugbyClub": "Rugby Parme"}, {"lien": "http://dbpedia.org/resource/Currie_RFC", "RugbyClub": "Currie RFC"}, {"lien": "http://dbpedia.org/resource/Jurassic_Park_III:_The_DNA_Factor", "RugbyClub": "Jurassic Park 3: The DNA Factor"}, {"lien": "http://dbpedia.org/resource/Llanelli_RFC", "RugbyClub": "Llanelli RFC"}, {"lien": "http://dbpedia.org/resource/Top_Hunter:_Roddy_&_Cathy", "RugbyClub": "Top Hunter: Roddy and Cathy"}, {"lien": "http://dbpedia.org/resource/Biarritz_Olympique", "RugbyClub": "Biarritz olympique Pays basque"}, {"lien": "http://dbpedia.org/resource/CSA_Steaua_Bucure\u0219ti_(rugby)", "RugbyClub": "Rugby club Steaua Bucarest"}, {"lien": "http://dbpedia.org/resource/Aviron_Bayonnais", "RugbyClub": "Aviron bayonnais rugby pro"}, {"lien": "http://dbpedia.org/resource/CS_Bourgoin-Jallieu", "RugbyClub": "Club sportif Bourgoin-Jallieu rugby"}, {"lien": "http://dbpedia.org/resource/Castres_Olympique", "RugbyClub": "Castres olympique"}, {"lien": "http://dbpedia.org/resource/FC_Auch_Gers", "RugbyClub": "Football club Auch Gers"}, {"lien": "http://dbpedia.org/resource/FC_Grenoble", "RugbyClub": "Football Club de Grenoble rugby"}, {"lien": "http://dbpedia.org/resource/Gran_Ducato_Parma_Rugby", "RugbyClub": "SKG GRAN Parma Rugby"}, {"lien": "http://dbpedia.org/resource/Maesteg_RFC", "RugbyClub": "Maesteg RFC"}, {"lien": "http://dbpedia.org/resource/SU_Agen_Lot-et-Garonne", "RugbyClub": "Sporting union Agen Lot-et-Garonne"}, {"lien": "http://dbpedia.org/resource/Section_Paloise", "RugbyClub": "Section paloise (rugby \u00e0 XV)"}, {"lien": "http://dbpedia.org/resource/Canada_national_rugby_league_team", "RugbyClub": "\u00c9quipe du Canada de rugby \u00e0 XIII"}, {"lien": "http://dbpedia.org/resource/Cook_Islands_national_rugby_league_team", "RugbyClub": "\u00c9quipe des \u00eeles Cook de rugby \u00e0 XIII"}, {"lien": "http://dbpedia.org/resource/Fiji_national_rugby_league_team", "RugbyClub": "\u00c9quipe des Fidji de rugby \u00e0 XIII"}, {"lien": "http://dbpedia.org/resource/Greece_national_rugby_league_team", "RugbyClub": "\u00c9quipe de Gr\u00e8ce de rugby \u00e0 XIII"}, {"lien": "http://dbpedia.org/resource/Lebanon_national_rugby_league_team", "RugbyClub": "\u00c9quipe du Liban de rugby \u00e0 XIII"}, {"lien": "http://dbpedia.org/resource/Charrua_Rugby_Clube", "RugbyClub": "Charrua Rugby Clube"}, {"lien": "http://dbpedia.org/resource/New_Caledonia_national_rugby_league_team", "RugbyClub": "\u00c9quipe de Nouvelle-Cal\u00e9donie de rugby \u00e0 XIII"}, {"lien": "http://dbpedia.org/resource/Venezia_Mestre_Rugby_FC", "RugbyClub": "Venise Mestre Rugby"}, {"lien": "http://dbpedia.org/resource/Zimbabwe_national_rugby_union_team", "RugbyClub": "\u00c9quipe du Zimbabwe de rugby \u00e0 XV"}, {"lien": "http://dbpedia.org/resource/Czechoslovakia_national_rugby_union_team", "RugbyClub": "\u00c9quipe de Tch\u00e9coslovaquie de rugby \u00e0 XV"}, {"lien": "http://dbpedia.org/resource/Heavy_Unit", "RugbyClub": "Heavy Unit"}, {"lien": "http://dbpedia.org/resource/Wales_national_under-20_rugby_union_team", "RugbyClub": "\u00c9quipe du pays de Galles de rugby \u00e0 XV des moins de 20 ans"}, {"lien": "http://dbpedia.org/resource/Berliner_RC", "RugbyClub": "Berliner Rugby Club"}, {"lien": "http://dbpedia.org/resource/RC_'t_Gooi", "RugbyClub": "Rugby Club 't Gooi"}, {"lien": "http://dbpedia.org/resource/Union_Sportive_Bressane", "RugbyClub": "Union sportive bressane Pays de l'Ain"}, {"lien": "http://dbpedia.org/resource/Angola_national_roller_hockey_team", "RugbyClub": "\u00c9quipe d'Angola de rink hockey"}, {"lien": "http://dbpedia.org/resource/New_Caledonia_national_basketball_team", "RugbyClub": "\u00c9quipe de Nouvelle-Cal\u00e9donie de basket-ball"}, {"lien": "http://dbpedia.org/resource/Silkworm_(video_game)", "RugbyClub": "SilkWorm"}, {"lien": "http://dbpedia.org/resource/Andorra_national_rugby_union_team", "RugbyClub": "\u00c9quipe d'Andorre de rugby \u00e0 XV"}, {"lien": "http://dbpedia.org/resource/Denmark_national_basketball_team", "RugbyClub": "\u00c9quipe du Danemark de basket-ball"}, {"lien": "http://dbpedia.org/resource/Glasgow_Hawks_RFC", "RugbyClub": "Glasgow Hawks RFC"}, {"lien": "http://dbpedia.org/resource/Guy's,_Kings_and_St_Thomas'_Rugby_Football_Club", "RugbyClub": "Guy's, Kings and St. Thomas' Rugby Football Club"}, {"lien": "http://dbpedia.org/resource/Hawick_RFC", "RugbyClub": "Hawick RFC"}, {"lien": "http://dbpedia.org/resource/Heriot's_Rugby_Club", "RugbyClub": "Heriot's Rugby Club"}, {"lien": "http://dbpedia.org/resource/Kazakhstan_national_rugby_union_team", "RugbyClub": "\u00c9quipe du Kazakhstan de rugby \u00e0 XV"}, {"lien": "http://dbpedia.org/resource/Sunnybank_Rugby", "RugbyClub": "Sunnybank Rugby"}, {"lien": "http://dbpedia.org/resource/Sweden_national_basketball_team", "RugbyClub": "\u00c9quipe de Su\u00e8de de basket-ball"}, {"lien": "http://dbpedia.org/resource/Watsonians_RFC", "RugbyClub": "Watsonians RFC"}, {"lien": "http://dbpedia.org/resource/Birmingham_Moseley_Rugby_Club", "RugbyClub": "Moseley RFC"}, {"lien": "http://dbpedia.org/resource/Buccaneers_RFC", "RugbyClub": "Buccaneers RFC"}, {"lien": "http://dbpedia.org/resource/England_Saxons", "RugbyClub": "England Saxons"}, {"lien": "http://dbpedia.org/resource/HIStory/Ghosts", "RugbyClub": "HIStory/Ghosts"}, {"lien": "http://dbpedia.org/resource/Aberavon_RFC", "RugbyClub": "Aberavon RFC"}, {"lien": "http://dbpedia.org/resource/Australia_men's_national_basketball_team", "RugbyClub": "\u00c9quipe d'Australie de basket-ball"}, {"lien": "http://dbpedia.org/resource/Belgium_national_basketball_team", "RugbyClub": "\u00c9quipe de Belgique de basket-ball"}, {"lien": "http://dbpedia.org/resource/Canterbury_Rugby_Football_Union", "RugbyClub": "Canterbury Rugby Football Union"}, {"lien": "http://dbpedia.org/resource/Edinburgh_Academical_Football_Club", "RugbyClub": "Edinburgh Academical Football Club"}, {"lien": "http://dbpedia.org/resource/Fiji_national_rugby_sevens_team", "RugbyClub": "\u00c9quipe des Fidji de rugby \u00e0 sept"}, {"lien": "http://dbpedia.org/resource/Germany_national_basketball_team", "RugbyClub": "\u00c9quipe d'Allemagne de basket-ball"}, {"lien": "http://dbpedia.org/resource/Hillhead_Jordanhill_RFC", "RugbyClub": "Hillhead Jordanhill RFC"}, {"lien": "http://dbpedia.org/resource/Italy_national_rugby_league_team", "RugbyClub": "\u00c9quipe d'Italie de rugby \u00e0 XIII"}, {"lien": "http://dbpedia.org/resource/Saskatchewan_Prairie_Fire", "RugbyClub": "Saskatchewan Prairie Fire"}, {"lien": "http://dbpedia.org/resource/Latvia_national_basketball_team", "RugbyClub": "\u00c9quipe de Lettonie de basket-ball"}, {"lien": "http://dbpedia.org/resource/Selkirk_RFC", "RugbyClub": "Selkirk RFC"}, {"lien": "http://dbpedia.org/resource/Netherlands_national_basketball_team", "RugbyClub": "\u00c9quipe des Pays-Bas de basket-ball"}, {"lien": "http://dbpedia.org/resource/Norway_national_basketball_team", "RugbyClub": "\u00c9quipe de Norv\u00e8ge de basket-ball"}, {"lien": "http://dbpedia.org/resource/Orrell_R.U.F.C.", "RugbyClub": "Orrell RUFC"}, {"lien": "http://dbpedia.org/resource/Poland_national_basketball_team", "RugbyClub": "\u00c9quipe de Pologne de basket-ball"}, {"lien": "http://dbpedia.org/resource/Richmond_F.C.", "RugbyClub": "Richmond Football Club"}, {"lien": "http://dbpedia.org/resource/Romania_national_basketball_team", "RugbyClub": "\u00c9quipe de Roumanie de basket-ball"}, {"lien": "http://dbpedia.org/resource/Samoa_national_rugby_league_team", "RugbyClub": "\u00c9quipe des Samoa de rugby \u00e0 XIII"}, {"lien": "http://dbpedia.org/resource/South_Africa_national_rugby_league_team", "RugbyClub": "\u00c9quipe d'Afrique du Sud de rugby \u00e0 XIII"}, {"lien": "http://dbpedia.org/resource/Switzerland_national_basketball_team", "RugbyClub": "\u00c9quipe de Suisse de basket-ball"}, {"lien": "http://dbpedia.org/resource/S\u00e3o_Jos\u00e9_Rugby_Clube", "RugbyClub": "S\u00e3o Jos\u00e9 Rugby Clube"}, {"lien": "http://dbpedia.org/resource/West_Hartlepool_R.F.C.", "RugbyClub": "West Hartlepool RFC"}, {"lien": "http://dbpedia.org/resource/Tonga_national_rugby_league_team", "RugbyClub": "\u00c9quipe des Tonga de rugby \u00e0 XIII"}, {"lien": "http://dbpedia.org/resource/Turkey_women's_national_basketball_team", "RugbyClub": "\u00c9quipe de Turquie de basket-ball f\u00e9minin"}, {"lien": "http://dbpedia.org/resource/Uruguay_national_basketball_team", "RugbyClub": "\u00c9quipe d'Uruguay de basket-ball"}, {"lien": "http://dbpedia.org/resource/Uruguay_national_rugby_union_team", "RugbyClub": "\u00c9quipe d'Uruguay de rugby \u00e0 XV"}, {"lien": "http://dbpedia.org/resource/West_Harbour_RFC", "RugbyClub": "West Harbour RFC"}, {"lien": "http://dbpedia.org/resource/New_South_Wales_Country_Eagles", "RugbyClub": "New South Wales Country Eagles"}, {"lien": "http://dbpedia.org/resource/RFC_Li\u00e9geois_Rugby", "RugbyClub": "Royal Football Club li\u00e9geois rugby"}, {"lien": "http://dbpedia.org/resource/Griquas_(rugby)", "RugbyClub": "Griqualand West Griquas"}, {"lien": "http://dbpedia.org/resource/Caledonia_Reds", "RugbyClub": "Caledonia Reds"}, {"lien": "http://dbpedia.org/resource/Lyon_OU", "RugbyClub": "Lyon olympique universitaire"}, {"lien": "http://dbpedia.org/resource/Symplast", "RugbyClub": "Symplasme"}, {"lien": "http://dbpedia.org/resource/Rugby_Reggio", "RugbyClub": "Rugby Reggio Associazione Sportiva"}, {"lien": "http://dbpedia.org/resource/Scotland_women's_national_rugby_union_team", "RugbyClub": "\u00c9quipe d'\u00c9cosse de rugby \u00e0 XV f\u00e9minin"}, {"lien": "http://dbpedia.org/resource/Suttonians_RFC", "RugbyClub": "Suttonians RFC"}, {"lien": "http://dbpedia.org/resource/Iran_national_rugby_union_team", "RugbyClub": "\u00c9quipe d'Iran de rugby \u00e0 XV"}, {"lien": "http://dbpedia.org/resource/Rendering_Ranger:_R2", "RugbyClub": "Rendering Ranger: R2"}, {"lien": "http://dbpedia.org/resource/United_Arab_Emirates_national_rugby_union_team", "RugbyClub": "\u00c9quipe des \u00c9mirats arabes unis de rugby \u00e0 XV"}, {"lien": "http://dbpedia.org/resource/RC_Mainz", "RugbyClub": "RC Mainz"}, {"lien": "http://dbpedia.org/resource/Catalonia_national_rugby_league_team", "RugbyClub": "\u00c9quipe de Catalogne de rugby \u00e0 XIII"}, {"lien": "http://dbpedia.org/resource/Greystones_RFC", "RugbyClub": "Greystones RFC"}, {"lien": "http://dbpedia.org/resource/RC_Orl\u00e9ans", "RugbyClub": "Rugby club Orl\u00e9ans"}, {"lien": "http://dbpedia.org/resource/Catalonia_national_rugby_union_team", "RugbyClub": "\u00c9quipe de Catalogne de rugby \u00e0 XV"}, {"lien": "http://dbpedia.org/resource/Glasgow_Academicals_RFC", "RugbyClub": "Glasgow Academicals RFC"}, {"lien": "http://dbpedia.org/resource/Hong_Kong_national_rugby_sevens_team", "RugbyClub": "\u00c9quipe de Hong Kong de rugby \u00e0 sept"}, {"lien": "http://dbpedia.org/resource/Jordan_national_rugby_union_team", "RugbyClub": "\u00c9quipe de Jordanie de rugby \u00e0 XV"}, {"lien": "http://dbpedia.org/resource/Papua_New_Guinea_national_rugby_sevens_team", "RugbyClub": "\u00c9quipe de Papouasie-Nouvelle-Guin\u00e9e de rugby \u00e0 sept"}, {"lien": "http://dbpedia.org/resource/Bulgaria_women's_national_handball_team", "RugbyClub": "\u00c9quipe de Bulgarie de handball f\u00e9minin"}, {"lien": "http://dbpedia.org/resource/France_national_under-20_rugby_union_team", "RugbyClub": "\u00c9quipe de France de rugby \u00e0 XV des moins de 20 ans"}, {"lien": "http://dbpedia.org/resource/RC_Novokuznetsk", "RugbyClub": "Novokouznetsk Rugby"}, {"lien": "http://dbpedia.org/resource/Denver_Stampede", "RugbyClub": "Stampede de Denver"}, {"lien": "http://dbpedia.org/resource/Ohio_Aviators_(rugby)", "RugbyClub": "Aviators de l'Ohio"}, {"lien": "http://dbpedia.org/resource/Sacramento_Express", "RugbyClub": "Express de Sacramento"}, {"lien": "http://dbpedia.org/resource/San_Diego_Breakers", "RugbyClub": "Breakers de San Diego"}, {"lien": "http://dbpedia.org/resource/Glasgow_HSFP", "RugbyClub": "Glasgow High School Former Pupils"}, {"lien": "http://dbpedia.org/resource/Kelvinside_Academicals_RFC", "RugbyClub": "Kelvinside Academicals"}, {"lien": "http://dbpedia.org/resource/List_of_France_national_rugby_union_team_records", "RugbyClub": "Records en \u00e9quipe de France de rugby \u00e0 XV masculin"}]